id;name;area;population;
1508;Ipolyszog;607;556;
1526;Somoskoujfalu;519;2034;
2015;Rackeresztur;3530;3427;
2024;Martonyi;1757;366;
2033;Kakasd;2078;1621;
2042;Narda;1035;484;
2051;Savoly;2684;440;
2060;Gonyu;2163;3080;
2079;Dunaremete;436;252;
2088;Mand;517;270;
2097;Gutorfolde;2485;902;
2103;Maroc;516;60;
2121;Csanadalberti;1532;428;
2130;Mihalyfa;1207;318;
2149;Fokto;3146;1552;
2158;Muhi;962;459;
2167;Komadi;14465;5078;
2185;Csopak;2398;1795;
2194;Nemesvamos;4078;2845;
2200;Isztimer;5388;922;
2219;Balatonfuzfo;925;4453;
2228;Martonfa;569;206;
2237;Vag;1403;452;
2246;Vat;2327;691;
2264;Vasarosdombo;1174;1048;
2273;Abaujvar;735;217;
2282;Hejokurt;1491;270;
2291;Tiszababolna;3269;328;
2307;Kaba;9504;5584;
2316;Etyek;5327;4136;
2325;Baktaloranthaza;3524;3885;
2343;Kincsesbanya;1087;1383;
2352;Ujkigyos;5492;4897;
2361;Nagybajcs;765;996;
2370;Rad;1774;1952;
2389;Bercel;3590;1861;
2404;Surd;2194;584;
2413;Kisbabot;610;235;
2422;Hegyesd;1105;150;
2431;Buk;2086;3624;
2440;Szatta;601;65;
2459;Vajta;2343;799;
2468;Hegymeg;570;109;
2477;Csombard;899;231;
2486;Zalacseb;963;465;
2495;Nagycenk;1945;2251;
2501;Kisunyom;1000;428;
2510;Kocs;5829;2517;
2529;Varfolde;1487;185;
2547;Sumony;2021;419;
2556;Morichida;3230;821;
2565;Dobrokoz;4313;1922;
2574;Kenez;717;276;
2583;Csesztreg;2300;802;
2608;Zalaszentivan;1310;1055;
2617;Sopronnemeti;710;300;
2626;Martfu;2308;6030;
2635;Otteveny;2366;3061;
2644;Alibanfa;584;401;
2653;Nagyharsany;2601;1399;
2662;Milejszeg;908;349;
2671;Kantorjanosi;4162;2030;
2680;Bekesszentandras;7745;3436;
2699;Sarkeszi;1479;612;
2705;Palmonostora;5328;1788;
2714;Totvazsony;4251;1309;
2723;Saregres;2616;716;
2741;Faj;1932;462;
2750;Vertesacsa;3619;1753;
2769;Tapioszolos;3181;2781;
2778;Ludanyhalaszi;2113;1379;
2787;Nemesgulacs;835;930;
2796;Nak;2778;512;
2802;Enying;8278;6615;
2811;Miszla;3471;248;
2820;Abaujlak;706;69;
2839;Nemeskocs;793;314;
2848;Felsozsolca;1625;6373;
2857;Geresdlak;2528;730;
2866;Oszlar;571;337;
2875;Sata;1650;1082;
2884;Vasalja;1124;332;
2893;Sored;625;586;
2909;Magyarszentmiklos;419;233;
2918;Balmazujvaros;20544;17026;
2927;Duka;1524;211;
2936;Dudar;2458;1655;
2945;Biri;2259;1399;
2954;Felsoszentivan;5354;1728;
2963;Bukkszek;1530;682;
2972;Zalasarszeg;304;114;
2981;Egerfarmos;2380;708;
2990;Batorliget;3330;698;
3009;Szombathely;9750;78407;
3018;Szebeny;1437;272;
3036;Doroske;440;85;
3045;Hajduboszormeny;37074;30267;
3054;Lickovadamos;669;163;
3063;Zadorfalva;1375;465;
3072;Balatoncsicso;1320;214;
3081;Sajohidveg;1344;1080;
3090;Borgata;621;172;
3106;Ketsoprony;5124;1268;
3115;Dunaujvaros;5267;44200;
3124;Szentkozmadombja;508;58;
3133;Taktaszada;2574;1925;
3142;Vonock;1760;699;
3151;Kistapolca;357;163;
3160;Szuhafo;1605;135;
3188;Iborfia;259;12;
3197;Rabahidveg;2241;1019;
3203;Nyim;976;310;
3212;Sajoivanka;1023;587;
3221;Magyarlak;762;804;
3230;Fajsz;3199;1600;
3249;Orhalom;1746;892;
3258;Foldes;6524;3767;
3267;Badacsonytordemic;1025;830;
3276;Fuzesabony;4634;7360;
3285;Hirics;1468;238;
3294;Molnaszecsod;1169;413;
3300;Iklad;1121;1994;
3319;Artand;1981;558;
3328;Ipolytarnoc;1366;421;
3337;Ivanbattyan;613;124;
3346;Ivandarda;767;222;
3355;Nova;3929;805;
3364;Szilsarkany;1670;709;
3373;Tiszapuspoki;3745;1982;
3382;Szarvasko;1259;326;
3391;Piricse;3699;1824;
3407;Budajeno;1242;2001;
3416;Somogyszil;3846;713;
3425;Bogyiszlo;5593;2068;
3434;Lasztonya;877;60;
3443;Mezozombor;3879;2369;
3452;Boldog;2674;2893;
3461;Ketegyhaza;5049;3303;
3470;Mezod;1041;113;
3489;Edde;851;181;
3498;Vereb;2232;771;
3504;Sajobabony;1343;2577;
3513;Visznek;2273;1062;
3522;Baja;17789;34495;
3531;Leh;845;399;
3540;Kokeny;490;577;
3559;Balatonvilagos;2921;1216;
3568;Szentantalfa;661;483;
3577;Gederlak;1894;974;
3586;Szabolcsveresmart;2295;1571;
3595;Abaujszanto;4739;2906;
3601;Soly;1028;517;
3610;Malomsok;2574;478;
3629;Geberjen;538;450;
3638;Balatonhenye;1173;121;
3647;Doge;1654;2175;
3656;Batmonostor;3795;1475;
3665;Cered;3858;1053;
3674;Nemeskeresztur;1217;274;
3683;Magyarhomorog;3957;827;
3692;Mende;2715;4193;
3708;Taktabaj;1682;576;
3717;Tiszadorogma;4661;321;
3726;Zebecke;445;52;
3735;Bardudvarnok;4856;1109;
3744;Gagyvendegi;1232;191;
3753;Rabcakapi;787;148;
3762;Kiskinizs;717;311;
3771;Arnot;1754;2298;
3780;Ocsard;1266;373;
3799;Csakany;1609;243;
3805;Szakald;1140;436;
3814;Heviz;830;4523;
3823;Arokto;4641;1109;
3832;Keszu;731;1230;
3841;Bokor;675;97;
3850;Tiszabercel;3138;1776;
3869;Kistormas;1135;292;
3878;Nyirpilis;1634;872;
3887;Szerecseny;1238;762;
3896;Cserkut;667;607;
3902;Mad;3186;2112;
3911;Csakanydoroszlo;2661;1763;
3939;Cigand;5676;3008;
3948;Raposka;490;220;
3957;Viszlo;1110;64;
3966;Ruzsa;8468;2348;
3975;Baksa;1382;767;
3984;Nagybudmer;1022;148;
3993;Hehalom;1867;989;
4002;Zalacsany;1607;910;
4020;Himod;2270;606;
4039;Csorna;9195;10105;
4048;Tofu;434;108;
4057;Pecel;4363;16310;
4066;Kungos;948;491;
4075;Ocsa;8166;9416;
4084;Hevesvezekeny;1978;642;
4093;Helvecia;5647;4657;
4109;Dusnok;5747;2774;
4118;Hortobagy;28460;1323;
4127;Som;2335;642;
4136;Tottos;2299;532;
4145;Hort;4309;3564;
4154;Tarnok;2361;9900;
4163;Bodehaza;667;34;
4172;Tarnokreti;954;165;
4181;Perocseny;4140;295;
4190;Kocsk;1258;230;
4206;Mezogyan;5987;934;
4215;Nyomar;1046;260;
4224;Csorotnek;2053;883;
4233;Aszalo;2536;1831;
4242;Nagykamaras;4310;1255;
4251;Ecseg;2410;1165;
4260;Mezotur;28972;16011;
4279;Kamut;6048;1025;
4288;Kispirit;496;47;
4297;Kacsota;951;252;
4303;Puspokszilagy;2530;728;
4312;Tarpa;4973;2590;
4321;Bodorfa;222;80;
4330;Matraszolos;2917;1490;
4349;Morahalom;8314;6203;
4358;Nograd;2954;1524;
4367;Bogyoszlo;2623;616;
4376;Lazi;1679;546;
4385;Magyartelek;684;206;
4394;Makad;3177;1225;
4400;Bekolce;1377;570;
4419;Nyesta;689;28;
4428;Acs;10383;6848;
4437;Udvar;440;103;
4446;Tiszakerecseny;2387;955;
4455;Nagylengyel;1024;452;
4464;Szakaly;4102;1305;
4473;Kanyavar;420;113;
4482;Oroszlo;612;274;
4491;Senyo;1830;1362;
4507;Szendehely;1004;1622;
4516;Rozsafa;1664;326;
4525;Kecsked;1108;2004;
4534;Mindszentkalla;1084;243;
4543;Feked;1933;194;
4552;Liter;1283;2141;
4561;Abrahamhegy;1488;425;
4570;Marianosztra;2027;815;
4589;Veszkeny;1035;980;
4598;Kereki;1443;537;
4604;Hejokeresztur;1028;1037;
4613;Gelenes;2055;615;
4622;Zsira;1468;842;
4631;Tuskevar;1701;555;
4640;Kam;1530;427;
4659;Martonvasar;3125;5688;
4668;Mihalyhaza;2152;761;
4677;Emod;4937;4641;
4686;Dedestapolcsany;2943;1468;
4695;Vasvar;5510;4130;
4701;Iregszemcse;5834;2544;
4710;Nagyar;1599;657;
4729;Saly;2557;1594;
4738;Bak;2305;1572;
4747;Sarpilis;2170;683;
4756;Misefa;651;267;
4765;Borszorcsok;1180;329;
4774;Szakoly;4144;2573;
4783;Mosonmagyarovar;8378;33954;
4792;Rabacsanak;1386;499;
4808;Domony;2180;2131;
4817;Zsaka;7879;1528;
4826;Kisgyalan;941;203;
4835;Somogyzsitfa;2722;539;
4844;Tereny;2435;339;
4853;Somogyudvarhely;4042;910;
4862;Paks;15408;18623;
4871;Litke;1816;817;
4880;Agfalva;1308;2389;
4899;Bikal;1703;697;
4905;Pocsmegyer;1308;2399;
4914;Trizs;1025;188;
4923;Karcag;36863;19481;
4932;Taszar;1729;1937;
4950;Ortahaza;703;98;
4969;Tormafolde;1886;316;
4978;Ipolytolgyes;1367;398;
4987;Megyer;426;19;
4996;Garbolc;724;118;
5005;Irota;1234;71;
5014;Venek;689;150;
5023;Bozsok;2091;360;
5032;Gyula;25579;29308;
5041;Nyirderzs;1701;642;
5050;Csitar;1685;382;
5069;Gyorgytarlo;3019;512;
5078;Rinyabesenyo;2863;216;
5087;Lovaszpatona;4990;1068;
5096;Viss;1391;675;
5102;Balogunyom;1212;1091;
5111;Csongrad;17389;16010;
5120;Satoraljaujhely;7345;13972;
5139;Birjan;907;520;
5148;Balatonkenese;4418;2632;
5157;Somlojeno;815;255;
5166;Tomord;1536;286;
5175;Hajduszoboszlo;23862;24009;
5184;Csemo;7944;4244;
5193;Szorosad;648;85;
5209;Villanykovesd;749;254;
5218;Nagygorbo;745;139;
5227;Kisnemedi;1384;657;
5236;Gyongyos;5531;29176;
5245;Nemesbikk;2410;914;
5254;Kuncsorba;3363;580;
5263;Karad;5238;1440;
5272;Kanya;1452;390;
5281;Orkeny;3644;4850;
5290;Pilisszanto;1596;2979;
5306;Bocs;2432;2594;
5315;Borsodnadasd;2807;3073;
5324;Herencseny;3318;553;
5333;Csobad;1183;704;
5342;Tofej;1532;658;
5351;Kara;537;28;
5360;Csakbereny;4137;1142;
5379;Csanadpalota;7792;2638;
5388;Sumegpraga;579;569;
5397;Pusztafoldvar;5713;1472;
5403;Babarc;1885;723;
5412;Magyarmecske;1195;301;
5421;Kiralyszentistvan;891;473;
5430;Magyarhertelend;1616;573;
5449;Komarom;6991;19126;
5458;Kenezlo;2296;1065;
5476;Bo;1065;777;
5485;Baranyaszentgyorgy;727;134;
5494;Gadna;809;287;
5500;Somogyaracs;770;165;
5519;Siklos;5092;8912;
5528;Szoreny;441;58;
5537;Kallosd;541;92;
5546;Zakanyszek;6607;2731;
5555;Nemeshany;1050;361;
5564;Lovas;595;442;
5573;Derecske;10359;8385;
5582;Nagycsecs;983;748;
5591;Izsofalva;941;1713;
5607;Szederkeny;1433;1677;
5616;Hetefejercse;1545;255;
5625;Revfulop;1036;1084;
5634;Kaptalantoti;1173;477;
5643;Szilvasvarad;3782;1575;
5652;Nemesgorzsony;1925;639;
5661;Ozora;5955;1574;
5670;Gegeny;2344;1908;
5689;Mezokomarom;2905;895;
5698;Vackisujfalu;1070;441;
5704;Pethohenye;887;400;
5713;Harasztifalu;789;151;
5722;Kisbeszterce;747;73;
5731;Gerjen;3628;1201;
5740;Koszegdoroszlo;965;233;
5759;Vecs;2566;622;
5768;Letavertes;11661;7061;
5777;Szaszberek;3922;993;
5786;Ladanybene;4074;1603;
5795;Cserkeszolo;3070;2237;
5801;Gavavencsello;6683;3434;
5810;Szokedencs;1869;213;
5829;Val;4048;2466;
5838;Balatonalmadi;4988;9060;
5847;Harsany;3653;1996;
5856;Kunadacs;8990;1451;
5865;Egerlovo;1978;489;
5874;Szajol;3697;3736;
5883;Palotas;1707;1575;
5892;Vokany;1709;817;
5917;Vacduka;840;1646;
5926;Bodvaszilas;1922;1024;
5935;Karacsond;3160;2830;
5944;Bakonyszentlaszlo;3851;1682;
5953;Kissomlyo;858;210;
5962;Magyarcsanad;4802;1376;
5971;Csokonyavisonta;8129;1645;
5980;Egyhazasgerge;1537;704;
5999;Karasz;802;323;
6008;Zamardi;4515;2501;
6017;Magyarkeszi;3816;1097;
6035;Felsopakony;1533;3661;
6044;Kunbaja;3372;1454;
6053;Ragaly;1554;599;
6062;Ujpetre;1671;935;
6071;Kemenfa;1489;79;
6080;Adand;2952;2082;
6099;Ellend;799;177;
6105;Kalmancsa;4885;584;
6114;Fule;3032;844;
6123;Doveny;1165;271;
6132;Csapi;1011;247;
6141;Patalom;668;304;
6169;Nemesapati;1037;493;
6178;Eszteregnye;2009;637;
6187;Nyiradony;9656;7605;
6196;Barbacs;1365;776;
6202;Lakitelek;5466;4628;
6211;Hollad;820;212;
6220;Bodonhely;1110;289;
6239;Vadosfa;419;112;
6248;Pinkamindszent;1101;174;
6257;Zsadany;6584;1670;
6266;Hosszupalyi;7918;5491;
6275;Zajta;919;402;
6284;Pitvaros;1314;1292;
6293;Ujhartyan;2243;2717;
6309;Nagyrabe;8542;1989;
6318;Nagyrev;2979;644;
6327;Bakonypoloske;1104;386;
6336;Kozarmisleny;1445;6215;
6345;Aldebro;2178;719;
6354;Pusztamerges;2439;968;
6363;Dorgicse;1912;235;
6372;Pomaz;4903;17284;
6381;Tolmacs;1221;773;
6390;Bozzai;443;290;
6406;Jakfa;2011;495;
6415;Kakics;1489;192;
6424;Kaposszerdahely;885;897;
6433;Tiszadada;4875;2110;
6442;Kalocsa;5318;15280;
6451;Gamas;4292;731;
6460;Fuzerkajata;1144;98;
6479;Lapancsa;436;179;
6488;Nagyecsed;4385;6171;
6497;Bonyhad;7214;12837;
6503;Atany;5044;1450;
6512;Kismanyok;543;304;
6521;Gyermely;4546;1473;
6530;Pusztamagyarod;1602;532;
6549;Vindornyalak;451;59;
6558;Bolcske;5878;2643;
6567;Sormas;1637;856;
6576;Mezoszentgyorgy;2712;1273;
6585;Galosfa;1976;203;
6594;Domos;2399;1142;
6600;Somogyszentpal;2896;781;
6619;Borcs;1276;1320;
6628;Szecseny;4567;5615;
6637;Varsad;2156;337;
6646;Jobahaza;806;570;
6655;Hejobaba;1872;1876;
6664;Ete;2062;600;
6673;Ajka;9505;27736;
6682;Aka;1810;262;
6691;Kazincbarcika;3664;25981;
6707;Borsodivanka;1589;707;
6716;Nadasd;3560;1300;
6725;Borjad;1559;370;
6734;Csosz;1711;967;
6743;Diosjeno;5750;2869;
6761;Nagyszekely;3671;387;
6770;Markotabodoge;1629;488;
6789;Kemse;896;59;
6798;Hidas;1906;2035;
6804;Kotegyan;4295;1336;
6813;Magocs;4254;2191;
6822;Csobanka;2276;3450;
6831;Kishajmas;1176;167;
6840;Soskut;2489;3381;
6859;Torokbalint;2940;14045;
6868;Adorjas;810;188;
6877;Visz;602;191;
6886;Aranyosgadany;826;323;
6895;Kophaza;873;2099;
6901;Tengelic;7093;2164;
6910;Belavar;2278;299;
6929;Bekecs;2572;2364;
6938;Vallaj;2227;1178;
6947;Szokolya;5905;1975;
6956;Feherto;1138;491;
6965;Katadfa;439;136;
6974;Cserepfalu;4465;942;
6992;Kovagotottos;1394;303;
7001;Nagykaracsony;3046;1283;
7010;Paprad;1211;149;
7029;Mucsi;2476;407;
7038;Lenarddaroc;516;241;
7047;Baracs;5518;3393;
7056;Oreglak;2072;1462;
7065;Varoslod;2227;1258;
7074;Vazsnok;475;132;
7083;Tiszanana;6814;2443;
7092;Szentbekkalla;1070;176;
7108;Tinnye;1610;1769;
7117;Balatonfoldvar;1532;2144;
7126;Hetvehely;2138;455;
7135;Cserszegtomaj;1260;3087;
7144;Piliscsaba;2557;8534;
7153;Palkonya;1000;249;
7162;Pacsony;1001;267;
7171;Sorkifalud;1737;667;
7180;Sarud;5162;1092;
7199;Patak;1615;940;
7205;Ujvarfalva;1222;259;
7214;Acsad;1434;679;
7223;Vadna;781;666;
7232;Zalaszentlaszlo;1966;804;
7241;Apc;2046;2466;
7250;Hosztot;727;64;
7269;Lepseny;3908;2987;
7278;Puspokmolnari;1510;866;
7287;Bakonykoppany;683;207;
7296;Bogote;2074;271;
7302;Adasztevel;837;759;
7311;Bokod;2993;2062;
7320;Debercseny;543;68;
7339;Aszofo;832;400;
7348;Papkeszi;2239;1502;
7357;Mako;22923;22390;
7366;Szarasz;598;27;
7375;Balatonkeresztur;2106;1563;
7384;Solymar;1786;10596;
7393;Gerendas;4078;1187;
7409;Paszto;7260;9099;
7418;Kengyel;7914;3439;
7427;Bazsi;910;396;
7436;Parad;3720;1943;
7445;Kocsord;2547;2901;
7463;Merk;2508;2060;
7472;Berkesz;1318;867;
7481;Gyorujbarat;3361;7587;
7490;Toszeg;5917;4335;
7506;Lajoskomarom;7567;2155;
7515;Domoszlo;4022;1902;
7524;Dragszel;1259;285;
7533;Burus;1630;63;
7542;Szentlorinckata;2015;1918;
7551;Radockolked;1895;306;
7560;Gare;853;288;
7579;Zalabaksa;1611;639;
7588;Felsoregmec;1075;303;
7597;Tiszavasvari;12854;12376;
7603;Banfa;1206;178;
7612;Dunavecse;6677;3806;
7621;Alsotold;786;231;
7630;Komlod;2284;1072;
7649;Harka;1100;2622;
7658;Nemeshetes;661;265;
7667;Oszko;2031;659;
7676;Gyulahaza;2207;1876;
7685;Dombovar;7848;18019;
7694;Szoked;958;304;
7700;Szepetnek;3039;1525;
7719;Damoc;1599;318;
7728;Kunbaracs;5511;611;
7737;Merenye;1447;245;
7746;Repcevis;609;322;
7755;Ofoldeak;3509;520;
7764;Kano;1378;150;
7773;Dencshaza;1398;553;
7782;Dobroce;270;84;
7807;Isaszeg;5483;11513;
7816;Kisbodak;910;366;
7825;Monok;4196;1495;
7834;Derekegyhaz;5378;1527;
7843;Jankmajtis;2503;1707;
7852;Tiszaszolos;4779;1586;
7861;Dunapataj;9047;3024;
7870;Szigetcsep;1820;2354;
7889;Szolosardo;1066;96;
7898;Halimba;1262;1172;
7904;Nyircsaholy;3434;2165;
7913;Nemesded;2661;727;
7922;Szentgal;9502;2633;
7931;Kisapati;689;325;
7940;Viszak;1013;246;
7959;Szilaspogony;1440;286;
7968;Muraratka;1204;218;
7977;Ispank;692;99;
7986;Bucsuta;1618;210;
7995;Lovopetri;926;485;
8004;Het;371;412;
8013;Felsojanosfa;306;181;
8022;Bukkszentkereszt;2697;1127;
8040;Csoma;843;398;
8059;Nemesszentandras;546;249;
8068;Gellenhaza;523;1524;
8077;Szendro;5356;4175;
8086;Inancs;1094;1181;
8095;Imrehegy;7031;672;
8101;Sarhida;509;764;
8110;Koros;1512;201;
8129;Sajooros;844;1415;
8138;Varad;793;120;
8147;Szaszfa;1213;103;
8156;Dregelypalank;2218;1452;
8165;Tard;4047;1106;
8174;Felsoberecki;353;264;
8183;Vese;4292;725;
8192;Bordany;3648;3292;
8217;Alsotelekes;644;131;
8226;Hegyhatszentpeter;684;148;
8244;Nagyszenas;9556;4634;
8253;Klarafalva;910;457;
8262;Nagygyimot;2344;557;
8271;Cak;648;255;
8280;Telki;1047;4165;
8299;Bakonya;1507;336;
8305;Bocsa;9704;1892;
8314;Hodmezovasarhely;48798;43311;
8323;Gyongyospata;6075;2385;
8332;Taborfalva;4205;3259;
8341;Okorvolgy;311;68;
8350;Harkakotony;5270;833;
8369;Vockond;279;100;
8378;Jaszszentlaszlo;6034;2451;
8387;Nogradsap;1547;889;
8396;Boldva;2834;2304;
8402;Regec;2721;68;
8411;Kastelyosdombo;1308;252;
8420;Napkor;3735;3615;
8439;Banokszentgyorgy;3254;606;
8448;Erteny;2995;763;
8457;Pilisszentlaszlo;1775;1194;
8466;Beloiannisz;454;1063;
8475;Szajk;1136;787;
8484;Szentistvanbaksa;656;268;
8493;Csenyete;997;382;
8509;Kishodos;892;85;
8518;Sopron;16904;62671;
8527;Sirok;6339;1690;
8536;Szany;3414;2055;
8545;Orbottyan;2738;7586;
8554;Tiszakanyar;1551;1501;
8563;Csapod;2918;620;
8572;Ketujfalu;1630;697;
8581;Baracska;3968;2715;
8590;Tab;2586;4238;
8606;Sikator;1373;316;
8615;Szentliszlo;689;257;
8624;Barsonyos;1687;762;
8633;Tiszapalkonya;1349;1408;
8642;Kallo;3697;1551;
8651;Kisszentmarton;1486;244;
8660;Demjen;2508;641;
8679;Oregcserto;4306;727;
8688;Sutto;3447;2053;
8697;Bacsszentgyorgy;1474;144;
8703;Bussu;1719;412;
8712;Jobbagyi;1784;1987;
8721;Gyorasszonyfa;648;485;
8730;Bakonycsernye;3813;3014;
8749;Karakoszorcsok;711;269;
8758;Tat;1206;5273;
8767;Alsoszenterzsebet;963;35;
8776;Ajak;2476;3537;
8785;Ujsolt;3298;167;
8794;Tiszakorod;1669;745;
8800;Siklosnagyfalu;909;417;
8819;Felsoszentmarton;1946;820;
8828;Teskand;485;1085;
8837;Haromfa;4214;715;
8846;Basko;2964;149;
8855;Karancskeszi;3168;1757;
8864;Bataszek;6357;6072;
8873;Apatistvanfalva;1286;380;
8882;Peresznye;1073;618;
8891;Biatorbagy;4412;13889;
8907;Nagykereki;3727;1330;
8916;Magyarfold;889;34;
8925;Adony;6105;3880;
8934;Vamosoroszi;1316;523;
8943;Korosszegapati;4585;966;
8952;Tiborszallas;2552;955;
8961;Ocseny;7260;2271;
8970;Sajosenye;847;424;
8989;Vamospercs;5820;5261;
8998;Turricse;1299;645;
9007;Szalatnak;1028;284;
9016;Monaj;1153;255;
9025;Or;1778;1479;
9034;Berkenye;1346;676;
9043;Szente;753;302;
9052;Tarnaszentmaria;1100;219;
9061;Rapolt;321;135;
9070;Csenye;1912;697;
9089;Gelsesziget;498;247;
9098;Kaposfo;2726;1502;
9104;Vacszentlaszlo;2987;2077;
9113;Tiszaeszlar;5453;2422;
9122;Farmos;4012;3400;
9131;Bag;2355;3732;
9140;Lorev;988;291;
9159;Dravakeresztur;1297;121;
9168;Belezna;3093;711;
9177;Gige;1319;403;
9186;Dunaszekcso;3675;1796;
9195;Vasarosmiske;1342;381;
9201;Detk;2808;1116;
9210;Foldeak;3637;2917;
9229;Tokorcs;640;370;
9238;Nyirgyulaj;3575;2020;
9247;Dabas;16599;17202;
9256;Nyirtet;1718;957;
9265;Kisvarda;3590;15863;
9274;Varaszlo;1276;138;
9283;Nagygeresd;940;273;
9292;Gecse;934;422;
9308;Szemely;947;416;
9317;Revleanyvar;1650;406;
9326;Jagonak;1540;233;
9344;Kiskoros;10223;13746;
9353;Aranyosapati;2111;2091;
9362;Aggtelek;4382;506;
9371;Palfa;3474;1483;
9380;Zalaujlak;965;90;
9399;Hernadcece;991;204;
9405;Tapiosag;3354;2637;
9414;Vardomb;955;1073;
9423;Tiszaadony;1563;664;
9432;Ecsegfalva;7899;1164;
9441;Gomba;3971;3076;
9450;Marfa;409;178;
9469;Janoshalma;13221;8280;
9478;Nagyhegyes;13277;2724;
9487;Fertoendred;1509;655;
9496;Szirmabesenyo;1575;4104;
9502;Vid;317;115;
9511;Gadoros;3813;3266;
9520;Gyulakeszi;967;696;
9539;Dunaszentgyorgy;3763;2515;
9548;Kisvaszar;2035;333;
9557;Tomajmonostora;1376;679;
9575;Kerkaszentkiraly;810;206;
9584;Dunaharaszti;2917;22558;
9593;Tura;5592;7735;
9609;Recsk;4537;2539;
9618;Pari;1305;610;
9627;Tiszatenyo;2355;1488;
9636;Gorcsonydoboka;951;337;
9645;Vors;2265;434;
9654;Ilk;1456;1264;
9663;Babarcszolos;425;78;
9672;Nemesrempehollos;1205;276;
9681;Cegenydanyad;1219;668;
9690;Halasztelek;864;11096;
9706;Gomorszolos;877;82;
9715;Csaszlo;1018;346;
9724;Gyorvar;1659;610;
9733;Vigantpetend;1119;183;
9742;Felsodobsza;1523;895;
9751;Kisszekeres;1467;506;
9760;Bekes;12723;18322;
9779;Csor;4149;1802;
9788;Sarfimizdo;746;79;
9797;Nezsa;1867;1167;
9803;Szentkatalin;1331;90;
9812;Kisgorbo;659;161;
9821;Pilis;4735;11753;
9830;Szemere;2630;442;
9849;Hernad;2706;4018;
9858;Komlosd;746;171;
9867;Poloske;4523;758;
9876;Chernelhazadamonya;785;194;
9885;Fertod;4855;3326;
9894;Borsosbereny;2026;931;
9900;Racalmas;4064;4653;
9919;Tuzser;1552;3408;
9928;Hetes;2663;1190;
9937;Kenyeri;3396;798;
9946;Hencse;711;297;
9955;Kovegy;971;349;
9964;Tofalu;1448;553;
9973;Delegyhaza;2542;4667;
9982;Szucsi;1738;1518;
9991;Nagykovacsi;2767;8138;
10001;Nagydem;1332;329;
10010;Lulla;1039;194;
10029;Hovej;852;295;
10038;Liptod;1499;183;
10047;Csafordjanosfa;528;242;
10056;Borsfa;1183;687;
10065;Szentimrefalva;1087;188;
10074;Istenmezeje;3279;1421;
10083;Szakcs;5579;774;
10092;Orvenyes;446;134;
10108;Aporka;1747;1167;
10117;Ujkenez;969;952;
10126;Gyortelek;1478;1613;
10135;Palotabozsok;2019;852;
10144;Varboc;1010;48;
10153;Torvaj;1142;220;
10162;Puspokladany;18694;13987;
10171;Sajogalgoc;1012;307;
10180;Bacsbokod;6393;2429;
10199;Szarvasgede;999;393;
10205;Tiszarad;923;564;
10223;Szalafo;2737;191;
10232;Egyhazashetye;1320;305;
10241;Hevesaranyos;1702;577;
10250;Farkasgyepu;1005;330;
10269;Hahot;3901;973;
10278;Se;603;1369;
10287;Kondoros;8184;4741;
10296;Gardony;6350;11679;
10302;Vasboldogasszony;1175;557;
10311;Pusztacso;726;164;
10320;Vizslas;1012;1303;
10339;Asotthalom;12254;3795;
10348;Zalakomar;5488;2820;
10357;Abod;3116;174;
10366;Fuzerradvany;981;260;
10375;Tornakapolna;402;16;
10384;Bejcgyertyanos;3143;433;
10393;Hajduhadhaz;8782;12681;
10409;Nemetbanya;1219;109;
10418;Nagyut;1894;639;
10427;Magyaratad;1882;754;
10436;Szamossalyi;1157;722;
10445;Egyhazaskeszo;2012;532;
10454;Dunasziget;3589;1653;
10463;Kolesd;3813;1500;
10472;Csaszartoltes;8206;2172;
10481;Bicske;7708;11497;
10490;Dorog;1154;11530;
10506;Bodrog;1478;347;
10515;Maroslele;4656;1973;
10524;Detek;968;238;
10533;Davod;6921;1876;
10542;Kemes;689;438;
10551;Monor;4679;18113;
10560;Bezi;1121;501;
10579;Sajtoskal;941;354;
10588;Beled;2647;2553;
10597;Rum;1685;1190;
10603;Csurgonagymarton;1482;162;
10612;Komjati;1108;173;
10621;Bukkszenterzsebet;2486;1004;
10630;Oriszentpeter;3356;1141;
10649;Csertalakos;199;18;
10658;Fertohomok;1261;805;
10667;Varosfold;6165;2124;
10676;Halogy;705;258;
10685;Vallus;2180;110;
10694;Bogdasa;2099;230;
10719;Bacsalmas;10832;6379;
10728;Edeleny;5682;9358;
10737;Vamosmikola;2529;1625;
10746;Kistotfalu;1050;276;
10755;Majoshaza;1142;1633;
10764;Korosnagyharsany;1991;466;
10773;Tiszabo;3504;2109;
10782;Boncodfolde;590;340;
10791;Fulesd;1505;458;
10807;Nyirparasznya;1476;945;
10816;Kiskunlachaza;9350;8958;
10825;Pecsvarad;3603;3982;
10834;Olcsvaapati;1100;287;
10843;Nick;1140;505;
10852;Erpatak;3165;1666;
10861;Ecseny;1292;193;
10870;Doba;2122;411;
10889;Lispeszentadorjan;914;251;
10904;Garadna;975;337;
10913;Karako;1035;203;
10922;Maglod;2238;12463;
10931;Hagyarosborond;1125;319;
10940;Nagykozar;1146;1995;
10959;Nikla;2335;689;
10968;Mogyoroska;1917;72;
10977;Tiszavalk;1154;294;
10986;Szulok;2791;626;
10995;Kerekteleki;2945;690;
11004;Jaszkarajeno;6515;2578;
11013;Szihalom;3417;1960;
11022;Zsujta;673;153;
11031;Tolnanemedi;2195;1026;
11040;Lakocsa;2532;505;
11059;Baglad;486;26;
11068;Rojtokmuzsaj;1586;458;
11086;Cun;1843;210;
11095;Nyirlovo;791;679;
11101;Szolosgyorok;1863;1189;
11110;Szuhakallo;696;870;
11129;Olcsva;996;691;
11138;Vekerd;741;110;
11147;Kisrakos;1106;170;
11156;Gor;1099;313;
11165;Szentpeterur;1596;935;
11174;Kethely;4906;2261;
11183;Kisder;437;95;
11192;Igal;3606;1372;
11208;Hosszuvolgy;360;157;
11217;Szur;784;224;
11226;Hangacs;2253;557;
11235;Kotelek;4514;1596;
11244;Pocspetri;2637;1630;
11253;Fertoboz;1367;325;
11262;Kony;2887;2686;
11271;Nyirlugos;5838;2566;
11280;Katymar;7109;1629;
11299;Bokony;3547;2959;
11305;Besenyszog;13808;3217;
11323;Mezokeresztes;7426;3565;
11332;Sajonemeti;737;445;
11341;Cegled;24487;35545;
11350;Damak;753;239;
11369;Szakony;1350;399;
11378;Fuzerkomlos;587;231;
11387;Ikervar;3534;1764;
11396;Pilisszentivan;812;4200;
11402;Mecsekpoloske;731;372;
11411;Halmajugra;2168;1284;
11420;Pula;1464;186;
11439;Varpalota;7726;19436;
11448;Kisrozvagy;834;168;
11457;Tenyo;2638;1720;
11466;Zala;924;240;
11475;Lendvajakabfa;620;27;
11484;Somogycsicso;1238;137;
11493;Szinpetri;971;204;
11509;Szenta;6447;344;
11518;Radfalva;1288;169;
11527;Balaton;1320;1002;
11536;Magyardombegyhaz;765;179;
11545;Szentjakabfa;576;105;
11554;Szecsisziget;620;190;
11563;Alsonyek;3201;706;
11572;Petomihalyfa;995;209;
11581;Vilmany;1251;1455;
11590;Piliny;1604;591;
11606;Dunaszentbenedek;2324;767;
11615;Korosladany;12379;4281;
11624;Bodmer;717;240;
11633;Vasszentmihaly;641;343;
11642;Felsopahok;727;680;
11651;Bogot;499;391;
11660;Legyesbenye;2031;1379;
11679;Janoshaza;2341;2430;
11688;Diosbereny;1775;305;
11697;Hidasnemeti;1607;1066;
11703;Vorosto;619;78;
11712;Bata;6616;1500;
11730;Orfu;3215;989;
11749;Mezonyarad;1406;1558;
11758;Meszes;1140;164;
11767;Veszprem;12690;59738;
11776;Sarszentmihaly;3740;2961;
11785;Zalakaros;1717;1988;
11794;Szank;7483;2238;
11800;Vindornyaszolos;1055;316;
11819;Kurityan;754;1522;
11828;Porrog;1402;199;
11837;Pocsaj;4955;2559;
11846;Ketbodony;1305;432;
11855;Papakovacsi;1392;556;
11864;Ersekcsanad;5829;2753;
11873;Mezohegyes;15544;4945;
11882;Abda;1902;3200;
11891;Hereg;2714;1030;
11907;Tiszamogyoros;1025;704;
11916;Balatonoszod;1508;489;
11925;Ujtikos;3529;806;
11934;Urom;666;7689;
11943;Gyongyosfalu;965;1115;
11952;Dinnyeberki;856;68;
11961;Batya;3386;1985;
11970;Bikacs;3467;411;
11989;Murony;3570;1095;
11998;Csibrak;1462;274;
12007;Szatymaz;5372;4728;
12016;Becske;1566;521;
12025;Csolyospalos;6510;1536;
12034;Kelemer;1881;470;
12043;Olbo;2353;700;
12052;Budakeszi;3710;14624;
12061;Hermanszeg;520;247;
12070;Petervasara;3387;2057;
12089;Gelse;2246;1060;
12098;Nyirtura;2147;1788;
12104;Vasszilvagy;1180;388;
12113;Kajarpec;3189;1269;
12122;Letenye;4174;3937;
12131;Nogradmegyer;2277;1618;
12140;Csepreg;4954;3277;
12159;Hejoszalonta;1096;826;
12168;Patca;496;61;
12177;Kardoskut;7658;781;
12186;Patroha;3923;2876;
12195;Romhany;2547;2136;
12201;Zok;893;294;
12210;Tallya;3796;1699;
12229;Terpes;220;195;
12238;Balatonederics;1859;986;
12247;Kemenesmagasi;3319;816;
12256;Fuzesgyarmat;12734;5527;
12265;Szekkutas;12399;1941;
12274;Nyirmada;3880;4798;
12283;Mariakalnok;1548;1929;
12292;Zsennye;502;91;
12308;Hedervar;1428;1219;
12317;Andrasfa;823;224;
12326;Gyorkony;3160;938;
12335;Tompaladony;944;291;
12344;Csengod;4889;1942;
12353;Kistamasi;438;93;
12362;Palhaza;675;1034;
12371;Pamleny;1240;42;
12380;Dravapiski;491;57;
12399;Kistokaj;976;2134;
12405;Vamosszabadi;2237;3265;
12414;Fertorakos;2189;2323;
12423;Rakocziujfalu;1961;1887;
12432;Fedemes;862;290;
12441;Abadszalok;13223;4042;
12450;Csokmo;6897;1868;
12469;Ratka;1178;945;
12478;Kemenesszentpeter;2135;587;
12487;Ujcsanalos;1220;827;
12496;Zalaistvand;1080;331;
12502;Kisnana;2260;990;
12511;Dejtar;2142;1376;
12520;Sagujfalu;1203;972;
12539;Gyurus;419;91;
12548;Abaliget;1609;647;
12557;Fancsal;977;304;
12566;Dunafalva;5790;903;
12575;Lenti;7379;7348;
12593;Tiszadob;8258;2735;
12609;Turje;3823;1542;
12618;Kerteszsziget;3911;352;
12627;Sokoropatka;1686;1148;
12636;Kisapostag;958;1407;
12645;Obanya;749;101;
12654;Zalahalap;2413;1144;
12663;Kaposkeresztur;1980;318;
12672;Kisvarsany;1283;1001;
12681;Telekgerendas;7237;1324;
12690;Szod;1353;3740;
12706;Haromhuta;3780;100;
12715;Pazmandfalu;1939;1053;
12724;Csehimindszent;1543;371;
12733;Horvatlovo;616;225;
12742;Ganna;1547;202;
12751;Gerde;1276;492;
12760;Nagybakonak;1794;362;
12779;Nagylak;469;392;
12788;Berettyoujfalu;17101;14614;
12797;Opusztaszer;5950;2152;
12803;Hajdudorog;10064;8441;
12812;Mezoors;4848;953;
12821;Egerbakta;3237;1419;
12830;Bezered;1214;126;
12849;Kisjakabfalva;662;90;
12858;Nagyhajmas;1801;278;
12867;Pereked;674;144;
12876;Somogymeggyes;1565;459;
12885;Nyekladhaza;2467;4861;
12894;Ullo;4810;12185;
12900;Korostarcsa;6280;2316;
12919;Vonyarcvashegy;1429;2280;
12928;Csaholc;1935;724;
12937;Hercegszanto;6855;1957;
12946;Garabonc;1856;626;
12955;Nyul;2514;4485;
12964;Puski;839;653;
12973;Szentgalosker;2725;495;
12982;Vilyvitany;1312;230;
12991;Galambok;2591;1207;
13000;Gemzse;1359;796;
13019;Hodasz;2649;3424;
13028;Kondorfa;2161;483;
13037;Zsurk;1519;720;
13046;Szamosszeg;3530;1723;
13055;Kissziget;706;160;
13064;Magyarszerdahely;1622;496;
13082;Kozmadombja;763;33;
13091;Zalaszentmarton;498;55;
13116;Boldogasszonyfa;1722;360;
13125;Takacsi;1913;857;
13134;Golop;943;535;
13143;Jeke;632;727;
13152;Cece;5885;2571;
13161;Roszke;3663;3285;
13170;Csepa;2967;1579;
13198;Gyorladamer;861;1761;
13204;Hont;2413;462;
13213;Tunyogmatolcs;2628;2377;
13222;Mihalygerge;1106;541;
13231;Szentdomonkos;1840;458;
13240;Tarnalelesz;3713;1615;
13259;Szabadegyhaza;4164;1977;
13268;Sostofalva;728;203;
13277;Szigethalom;912;17791;
13286;Felsoegerszeg;484;116;
13295;Galgagyork;1472;997;
13301;Zalaszentlorinc;489;248;
13310;Bicserd;1975;1000;
13329;Almamellek;4433;381;
13338;Gyongyosoroszi;2139;1543;
13347;Gerenyes;1234;235;
13356;Egerszog;1077;54;
13365;Botykapeterd;1743;332;
13374;Kazsmark;1248;956;
13383;Domaszek;5215;5043;
13408;Balloszog;3500;3652;
13426;Kemenesmihalyfa;1781;509;
13435;Nagykata;8161;12366;
13444;Mecseknadasd;3608;1496;
13453;Orimagyarosd;1229;222;
13462;Ivancsa;2517;2806;
13471;Bucsa;5582;2144;
13480;Erdokertes;575;8220;
13499;Erzsebet;975;253;
13505;Csikvand;1453;495;
13514;Jaszszentandras;4433;2501;
13523;Szucs;849;379;
13532;Kormend;5279;11179;
13541;Tiszaszalka;1495;882;
13550;Nyirtelek;6792;6502;
13569;Gosztola;698;49;
13578;Budapest;52514;1706851;
13587;Felsocsatar;1790;480;
13596;Bukkabrany;1802;1667;
13602;Turistvandi;1522;775;
13611;Dravagardony;627;166;
13620;Mucsfa;1275;298;
13639;Besenyod;945;746;
13648;Egerszolat;2610;1039;
13657;Balassagyarmat;2333;14705;
13666;Kiralyhegyes;2980;572;
13675;Tengeri;446;45;
13684;Perenye;1622;653;
13693;Taska;2598;368;
13709;Nagyszokoly;2799;885;
13718;Horpacs;672;158;
13727;Gacsaly;1982;969;
13736;Zalavar;3106;812;
13745;Kokut;2023;522;
13754;Szanda;2149;615;
13763;Telkibanya;4682;507;
13772;Saska;3748;277;
13781;Kiskorpad;1695;859;
13790;Polany;1287;217;
13806;Kompoc;2998;655;
13815;Tiszafoldvar;8034;10417;
13824;Somodor;1991;358;
13833;Mezocsat;10309;5656;
13842;Kozard;644;168;
13851;Cserto;1425;369;
13860;Pusztadobos;1669;1539;
13879;Ivad;1194;348;
13888;Tiszakeszi;4617;2531;
13897;Vertesboglar;2321;911;
13903;Nadasdladany;2635;1729;
13912;Magyarkeresztur;1673;404;
13921;Iklodbordoce;1230;269;
13930;Porrogszentkiraly;1365;248;
13949;Hevizgyork;2285;3082;
13958;Jak;4495;2533;
13976;Tiszakarad;4756;2335;
13985;Felsomocsolad;1651;325;
13994;Bolhas;3143;397;
14003;Nyiracsad;7492;3777;
14012;Ortilos;2112;402;
14021;Lukacshaza;936;1098;
14030;Nagymanyok;1068;2207;
14058;Fulopszallas;9132;2047;
14067;Papoc;3132;238;
14076;Tenk;1234;1202;
14085;Senye;304;42;
14094;Tiszaug;2504;965;
14100;Kajdacs;3773;1158;
14119;Bezedek;1136;201;
14128;Tarnaors;3028;1795;
14137;Bojt;2688;534;
14146;Tapioszele;3699;5827;
14155;Tokod;1491;3947;
14164;Harc;1586;827;
14173;Band;984;658;
14182;Varvolgy;2504;1040;
14191;Nagyvaty;1267;323;
14207;Rakoczifalva;3594;5309;
14225;Szentmargitfalva;312;66;
14234;Bujak;5304;2132;
14243;Somlovecse;493;48;
14252;Apatfalva;5378;2828;
14261;Tap;1988;746;
14270;Kaptalanfa;3371;756;
14289;Csokvaomany;1500;798;
14298;Ramocsa;273;37;
14304;Zavod;1291;266;
14313;Sajokaza;3072;3057;
14322;Vaspor;1345;329;
14331;Arlo;4687;3521;
14340;Pilisvorosvar;2430;14274;
14359;Kekcse;1823;1423;
14368;Bosta;595;128;
14377;Fulposdaroc;425;334;
14386;Kercseliget;1947;348;
14395;Bakhaza;592;160;
14401;Bodrogolaszi;2061;862;
14410;Kubekhaza;2732;1407;
14429;Alsogagy;628;71;
14438;Repceszemere;942;292;
14447;Tiszatelek;3379;1377;
14456;Szentes;35325;26887;
14465;Tabajd;2657;948;
14474;Boldogkovaralja;2199;1087;
14483;Mariakemend;1578;514;
14492;Ozd;9180;32214;
14508;Dombrad;5184;3823;
14517;Kovacsszenaja;783;73;
14526;Heves;9931;10111;
14535;Komlo;4922;1950;
14544;Tatahaza;2610;1148;
14553;Kapolcs;1398;404;
14562;Balatonmariafurdo;2677;704;
14571;Tapioszentmarton;10291;5292;
14580;Vamosgyork;2182;1939;
14599;Gorgeteg;3350;1129;
14605;Lapafo;931;136;
14614;Ebes;7730;4497;
14623;Zakany;869;1000;
14632;Fonyod;5355;4813;
14641;Markhaza;631;241;
14650;Nagynyarad;2434;694;
14669;Pilismarot;4458;2061;
14678;Darvas;4231;496;
14687;Pinnye;864;344;
14696;Nyiribrony;2009;1085;
14702;Kissikator;1038;279;
14711;Szalka;1708;550;
14720;Palfiszeg;559;153;
14739;Rakamaz;4263;4294;
14748;Kimle;3726;2178;
14757;Noszlop;3406;920;
14766;Dunatetetlen;4319;491;
14775;Nagyborzsony;5066;659;
14784;Tardona;1230;991;
14793;Rabakecol;2303;628;
14809;Mersevat;1054;567;
14818;Bonyhadvarasd;1045;409;
14827;Szekesfehervar;17089;96940;
14836;Zagyvarekas;3171;3434;
14845;Nyirbator;6674;11715;
14854;Szabadi;823;293;
14863;Latrany;2231;1330;
14872;Matraderecske;1399;1912;
14881;Soshartyan;1214;953;
14890;Tomor;1289;233;
14906;Sarmellek;3537;1871;
14915;Malyinka;2421;408;
14924;Ujszentivan;1549;2028;
14933;Bodony;2896;719;
14942;Sagvar;3844;1817;
14951;Sukoro;1627;1700;
14960;Zebegeny;963;1253;
14979;Nagyrecse;2699;1028;
14988;Pecol;1731;771;
14997;Hegyhathodasz;808;152;
15006;Nemetker;6497;1722;
15015;Tapiobicske;4848;3398;
15024;Paty;3930;7693;
15033;Enese;1989;1779;
15042;Babot;2167;1152;
15051;Matty;1690;298;
15060;Nagymizdo;676;98;
15079;Szabadszentkiraly;1269;702;
15088;Hetyefo;411;87;
15097;Baktuttos;971;338;
15103;Szenna;2698;763;
15112;Kerkafalva;1850;97;
15121;Osli;1880;854;
15130;Debrecen;46166;201432;
15149;Vamosujfalu;1064;681;
15158;Zsana;8794;724;
15167;Bakonszeg;3503;1170;
15176;Alcsutdoboz;5071;1453;
15185;Szigetszentmarton;1073;2284;
15194;Szolad;1998;480;
15200;Bekescsaba;19393;58996;
15219;Marocsa;1138;78;
15228;Gyorzamoly;2638;3129;
15237;Egyhazasfalu;2164;889;
15246;Pusztamonostor;2462;1542;
15255;Labatlan;2637;4849;
15264;Keked;1301;133;
15273;Rabaszentandras;1160;458;
15282;Vertessomlo;2230;1332;
15291;Ujszasz;5820;5913;
15307;Kapolna;2151;1464;
15316;Szakadat;1070;199;
15325;Szatok;895;593;
15334;Vasegerszeg;1272;364;
15343;Fertoszentmiklos;3938;3846;
15352;Nyergesujfalu;3963;7292;
15361;Hajmasker;3814;2830;
15370;Etes;1580;1355;
15389;Pecsdevecser;474;114;
15398;Pirto;3450;888;
15404;Szuliman;1049;217;
15413;Pusztaradvany;714;235;
15422;Rabatamasi;2177;954;
15431;Petofiszallas;6779;1402;
15440;Szentendre;4382;26745;
15459;Regoly;6266;1078;
15468;Nagyhuta;3506;53;
15477;Kismarja;4717;1217;
15486;Kiszsidany;493;80;
15495;Basal;404;159;
15501;Bosarkany;2332;2151;
15510;Koroshegy;2139;1294;
15529;Per;3149;2517;
15538;Kovagoszolos;1825;1256;
15547;Penzesgyor;1765;335;
15556;Sand;748;352;
15565;Balatonudvari;1880;319;
15574;Nagykoru;4281;1510;
15583;Pusztazamor;927;1199;
15592;Patosfa;1507;249;
15608;Gesztely;2882;2572;
15617;Zalkod;1021;206;
15626;Somogysamson;2177;673;
15635;Tarros;529;99;
15644;Tiszacsege;13640;4515;
15653;Gyorszemere;3310;3274;
15662;Abaujalpar;848;49;
15671;Posfa;535;252;
15680;Josvafo;2155;212;
15699;Csikeria;2584;758;
15705;Vilonya;1350;632;
15714;Szarfold;1711;975;
15723;Mesteri;1169;245;
15732;Kaposujlak;893;730;
15741;Egyek;10474;4868;
15750;Gant;5815;859;
15769;Esztergalyhorvati;1669;391;
15778;Barnag;1201;125;
15787;Tiszaors;3710;1361;
15796;Ludas;1079;732;
15802;Nyirbeltek;6218;2870;
15811;Jaszboldoghaza;5531;1693;
15820;Felsonana;1891;595;
15839;Hernadbud;591;118;
15848;Zengovarkony;1671;392;
15857;Lak;1976;673;
15866;Szentlorinc;2781;6184;
15875;Dunaszentpal;981;729;
15884;Dravatamasi;845;372;
15893;Pacin;3393;1394;
15909;Nagocs;2226;634;
15918;Gyuro;2437;1294;
15927;Jako;1669;622;
15936;Gonc;3727;1972;
15945;Sajomercse;1118;194;
15954;Cirak;1176;550;
15963;Balsa;2252;776;
15972;Jeno;556;1292;
15981;Somogydorocske;1083;126;
15990;Daraboshegy;459;92;
16009;Dotk;172;48;
16018;Melykut;12347;4686;
16027;Monyorod;712;147;
16036;Kisnameny;1801;294;
16045;Kunagota;6396;2462;
16054;Sajoszentpeter;3485;11185;
16063;Szajla;870;526;
16072;Csajag;2229;834;
16081;Kispali;451;273;
16090;Atkar;3376;1716;
16106;Mesztegnyo;4471;1295;
16115;Pellerd;2093;2245;
16124;Borsodgeszt;1506;262;
16133;Rakacaszend;1571;298;
16142;Kulsovat;1931;904;
16151;Dozmat;854;260;
16160;Tarnaszentmiklos;3500;828;
16179;Szogliget;3474;537;
16188;Aszod;1620;6201;
16197;Ambrozfalva;1122;462;
16203;Zahony;694;4212;
16212;Tanakajd;1182;685;
16221;Lipot;1609;717;
16230;Tiszaderzs;2719;1037;
16249;Kiscsehi;1143;173;
16258;Lad;2235;531;
16267;Szentkiralyszabadja;2238;1913;
16276;Ordas;1631;416;
16285;Mindszentgodisa;2297;833;
16294;Uszod;2446;909;
16300;Szamosker;971;413;
16319;Volcsej;932;398;
16328;Felsotarkany;7732;3528;
16346;Besnyo;4464;1729;
16355;Szentlaszlo;1406;733;
16364;Kisvasarhely;435;42;
16373;Csavoly;4742;1671;
16382;Totszentmarton;1017;735;
16391;Nagybarkany;884;657;
16407;Totujfalu;1327;213;
16416;Csaszar;6781;1866;
16425;Alsopeteny;1968;557;
16434;Totkomlos;12505;5615;
16443;Markoc;579;51;
16452;Nagyvejke;777;149;
16461;Berkesd;1904;820;
16470;Balatonujlak;1081;425;
16489;Szapar;709;452;
16498;Egyhazasharaszti;1099;310;
16504;Szaknyer;293;57;
16513;Nagyrada;1285;470;
16522;Nyirvasvari;2842;1908;
16531;Fuzvolgy;314;128;
16540;Markaz;2561;1778;
16559;Komloska;2987;216;
16568;Gorbehaza;8021;2317;
16577;Imola;1812;89;
16595;Oroszi;474;132;
16601;Balatonszabadi;4134;2973;
16610;Egercsehi;1039;1235;
16629;Magy;2070;858;
16638;Sajopetri;928;1372;
16647;Fegyvernek;7148;6104;
16656;Vaszoly;855;258;
16665;Kolcse;2824;1424;
16674;Toltestava;2317;2564;
16683;Kaloz;4779;2303;
16692;Szoc;755;463;
16708;Ecs;1985;2113;
16717;Gic;1968;360;
16726;Hedrehely;2551;333;
16735;Tarany;5468;1116;
16744;Bajna;3727;1872;
16753;Szalonna;2008;1031;
16762;Vancsod;3443;1127;
16771;Szekelyszabar;1548;517;
16780;Hejopapi;1702;1077;
16799;Borsodszirak;1101;1149;
16805;Kekesd;811;149;
16814;Szedres;4631;2081;
16823;Ordacsehi;2256;761;
16832;Koszeg;5466;11865;
16841;Csany;4789;2079;
16850;Porszombat;1552;255;
16869;Zsebehaza;465;141;
16878;Hugyag;1090;852;
16887;Horvatzsidany;1217;812;
16896;Zalaigrice;773;96;
16902;Tornabarakony;819;10;
16911;Kemeneskapolna;497;94;
16920;Pusztaapati;1059;21;
16939;Orgovany;9916;3406;
16948;Matyasdomb;3539;740;
16957;Tornyospalca;4361;2668;
16966;Tiszasziget;2688;1710;
16975;Kisherend;692;173;
16984;Szello;596;138;
16993;Furta;4286;1117;
17002;Balatongyorok;3759;1060;
17011;Paloznak;880;475;
17020;Bajansenye;2185;477;
17039;Tagyon;276;97;
17048;Pusztafalu;700;182;
17057;Zalaveg;1211;318;
17066;Keresztete;397;25;
17075;Jand;1654;750;
17084;Peneszlek;3692;980;
17093;Orfalu;694;75;
17109;Fuzer;3749;389;
17118;Resznek;1842;231;
17127;Beleg;1799;558;
17136;Hernadszentandras;704;418;
17145;Kenderes;11124;4220;
17154;Balatonszepezd;2506;364;
17163;Tarnazsadany;2519;1167;
17172;Dabronc;2028;348;
17181;Ecsed;4160;3053;
17190;Helesfa;987;488;
17206;Nyiregyhaza;27454;116799;
17215;Porcsalma;3110;2736;
17224;Petnehaza;2420;1680;
17233;Nagymagocs;7509;2894;
17242;Pogany;1155;1240;
17251;Vargesztes;1204;759;
17260;Rackeve;6409;10605;
17279;Juta;1923;1103;
17288;Magyarszecsod;1126;410;
17297;Rabaszentmiklos;501;138;
17303;Tapiogyorgye;5331;3281;
17312;Szazhalombatta;2806;18082;
17321;Taliandorogd;2808;737;
17330;Kisber;5217;5359;
17349;Kiscsecs;413;189;
17358;Buzsak;5968;1247;
17367;Narai;1599;1409;
17376;Aba;8805;4428;
17385;Alsomocsolad;1300;273;
17394;Geszt;5139;744;
17400;Zalaapati;2342;1623;
17419;Dravafok;2390;491;
17428;Rozsaly;1487;723;
17437;Jasd;1028;687;
17446;Keleviz;491;337;
17455;Kokad;1610;642;
17464;Kasad;1329;264;
17473;Hajduszovat;5800;3044;
17482;Ujbarok;149;444;
17491;Zselicszentpal;1035;392;
17507;Romand;985;295;
17516;Gaborjanhaza;507;70;
17525;Polgardi;7216;6955;
17534;Gyongyoshalasz;2713;2519;
17543;Bocfolde;868;1144;
17552;Mezofalva;8042;4585;
17561;Nemesvid;1838;629;
17570;Lesencefalu;718;306;
17589;Jarmi;1237;1257;
17598;Valko;3759;2483;
17604;Liget;1207;390;
17613;Gombosszeg;216;57;
17622;Urhida;725;2524;
17631;Siofok;12466;25708;
17640;Keszohidegkut;1033;174;
17659;Egyhazasdengeleg;1574;407;
17668;Vacratot;1809;1963;
17677;Lajosmizse;16466;11317;
17686;Agasegyhaza;5587;1889;
17695;Tiszasuly;9177;1451;
17710;Kisdorog;2000;700;
17729;Szarvaskend;1034;204;
17738;Igar;4119;863;
17747;Zador;1522;311;
17756;Demecser;3698;4041;
17765;Zsombo;2689;3328;
17774;Pusztavam;3469;2501;
17783;Mogyorod;3448;7017;
17792;Patapoklosi;1265;319;
17808;Ujszilvas;3898;2530;
17817;Tiszabecs;1714;1439;
17826;Mandok;2891;3953;
17835;Fazekasboda;702;177;
17844;Tikos;335;138;
17853;Szilvagy;2427;187;
17862;Pusztaberki;685;143;
17871;Lesencetomaj;2408;1069;
17880;Vasarosfalu;420;153;
17899;Kolked;6194;1035;
17905;Hegyeshalom;5266;3555;
17914;Felsonyek;3202;974;
17923;Jakabszallas;7086;2615;
17932;Fony;4056;293;
17941;Nagyatad;7060;10014;
17950;Furged;2676;692;
17969;Gyaloka;393;67;
17978;Jaszdozsa;4286;2070;
17987;Andornaktalya;1675;2570;
17996;Rabatottos;648;202;
18005;Szamosangyalos;804;927;
18023;Nemesrado;1402;303;
18032;Hegyhatszentjakab;947;247;
18041;Karmacs;1422;798;
18050;Samod;620;177;
18078;Somogyfajsz;1826;529;
18096;Zalaszentjakab;701;266;
18102;Battonya;14571;5516;
18111;Nagycsany;565;127;
18120;Bolho;2507;692;
18139;Acsteszer;1771;710;
18148;Kotcse;1954;471;
18157;Tatabanya;9142;65845;
18166;Keleshalom;6163;445;
18175;Gaborjan;2646;855;
18184;Baktakek;1879;745;
18193;Goganfa;1317;779;
18209;Jaszbereny;22135;27439;
18218;Soltszentimre;4449;1296;
18227;Kaposmero;1398;2388;
18236;Nemeske;1057;205;
18245;Taktaharkany;3913;3577;
18254;Bodajk;2898;3987;
18263;Szarazd;779;254;
18272;Csep;2004;324;
18281;Kiskore;6842;2810;
18290;Nyirkarasz;4143;2222;
18306;Tokaj;2820;3966;
18315;Gyod;325;689;
18324;Vasarosnameny;6567;8515;
18333;Gilvanfa;1543;338;
18342;Veresegyhaz;2856;19275;
18351;Uppony;1281;228;
18360;Becsvolgye;2140;750;
18379;Mezonagymihaly;6186;982;
18388;Nagydorog;4144;2506;
18397;Dany;4301;4513;
18403;Hegyko;2680;1745;
18412;Varbalog;2270;353;
18421;Keszthely;7598;19289;
18430;Velemer;955;66;
18449;Zalaszentmihaly;2084;845;
18458;Harta;12968;3233;
18467;Berekboszormeny;4284;1826;
18476;Csevharaszt;4924;1990;
18485;Mor;10861;13885;
18494;Garab;820;47;
18500;Marcali;10440;11142;
18519;Vejti;976;144;
18528;Eperjeske;1358;1208;
18537;Sajopalfala;711;694;
18546;Somogyszob;4008;1443;
18555;Olasz;1029;627;
18564;Zalaszentbalazs;2099;801;
18573;Acsa;2694;1384;
18582;Turony;940;242;
18591;Vaja;2861;3552;
18607;Szegerdo;546;199;
18616;Dunakeszi;3106;43604;
18625;Karancsalja;1254;1485;
18634;Hacs;2128;341;
18643;Goncruszka;1670;668;
18652;Szentgyorgyvolgy;2958;366;
18661;Ozdfalu;800;145;
18670;Pahi;3896;1145;
18689;Penc;2134;1573;
18698;Bazakerettye;803;753;
18704;Erdosmecske;2644;307;
18722;Kupa;784;166;
18731;Pilisszentkereszt;1721;2164;
18740;Szabadhidveg;4410;842;
18759;Hajos;8992;2811;
18768;Zalakoveskut;227;24;
18777;Bernecebarati;3769;847;
18786;Szugy;1950;1379;
18795;Darno;464;136;
18801;Tornanadaska;783;752;
18810;Noszvaj;1884;2101;
18829;Alsorajk;845;312;
18838;Kisdombegyhaz;1261;419;
18847;Mezosas;2639;604;
18856;Lokut;1811;425;
18865;Luzsok;652;221;
18874;Mateszalka;4140;16387;
18883;Salkoveskut;1320;469;
18892;Szomolya;2269;1538;
18908;Kisasszonyfa;887;189;
18917;Murga;659;57;
18926;Csolnok;1871;3044;
18935;Tarjan;4307;2682;
18944;Boldogkoujfalu;1098;594;
18953;Ozmanbuk;669;201;
18962;Kaposszekcso;1562;1457;
18971;Fehergyarmat;5246;7898;
18980;Fadd;6754;3986;
18999;Ferencszallas;579;587;
19008;Belvardgyula;1723;365;
19017;Visnye;2438;216;
19026;Pusztakovacsi;4338;791;
19035;Tet;5635;4169;
19044;Szurdokpuspoki;2670;1813;
19053;Kisasszond;784;173;
19062;Arpadhalom;4520;483;
19080;Sojtor;3617;1431;
19099;Szentpeterszeg;2551;1091;
19105;Zubogy;1143;482;
19114;Lovasbereny;6062;2598;
19123;Gyongyossolymos;6485;2733;
19132;Katoly;875;261;
19141;Kamond;2050;415;
19150;Homokszentgyorgy;4964;1018;
19169;Szabolcs;588;405;
19178;Petrikeresztur;877;354;
19187;Fityehaz;650;639;
19196;Nagyvazsony;7629;1791;
19202;Duzs;1127;231;
19211;Nabrad;1767;928;
19220;Ricse;2475;1760;
19239;Level;2492;2005;
19248;Tesa;438;75;
19257;Okany;7062;2377;
19266;Szil;3102;1334;
19275;Ziliz;926;366;
19284;Ciko;1986;815;
19293;Galvacs;1504;86;
19309;Gyorsovenyhaz;2421;834;
19318;Osagard;1092;317;
19327;Borota;8180;1271;
19336;Veszpremgalsa;871;259;
19345;Ketvolgy;628;86;
19354;Perkata;7452;3923;
19363;Babolna;3355;3860;
19372;Matranovak;2697;1704;
19381;Tiszaladany;2219;635;
19390;Belmegyer;6305;901;
19406;Bukkmogyorosd;990;127;
19415;Pecs;16277;142873;
19424;Kisar;1543;1105;
19433;Mezokovesd;10049;16072;
19442;Somogyvar;5299;1586;
19451;Kutaso;605;96;
19460;Balatonendred;4002;1281;
19479;Kustanszeg;1142;426;
19488;Csehi;934;231;
19497;Nogradsipek;2013;655;
19503;Galgaheviz;3118;2535;
19512;Alsonemesapati;1451;669;
19521;Szoce;1871;281;
19530;Szakmar;7464;1220;
19549;Szar;2263;1719;
19558;Gyugye;433;241;
19567;Pely;9030;1360;
19576;Krasznokvajda;1144;465;
19585;Pincehely;5009;2124;
19594;Pusztaottlaka;1887;322;
19600;Makkoshotyka;1041;810;
19619;Iharos;2268;450;
19628;Mezobereny;11853;9809;
19637;Pali;1958;414;
19646;Ofalu;985;349;
19655;Mariapocs;2209;2046;
19664;Alsodobsza;1068;274;
19673;Ujker;3238;1010;
19682;Ujlengyel;2625;1688;
19691;Tetetlen;3211;1368;
19707;Buj;3276;2246;
19716;Nagykoros;22794;23517;
19725;Versend;1413;919;
19734;Kemeneshogyesz;2608;477;
19743;Olaszfa;1654;370;
19752;Nyalka;1286;463;
19761;Kerkaskapolna;920;65;
19770;Osztopan;2283;766;
19789;Kecel;11448;8376;
19798;Szalmatercs;758;415;
19813;Ketpo;6676;663;
19831;Szilagy;1155;252;
19840;Hernadvecse;1694;1105;
19859;Nemespatro;1225;245;
19868;Papadereske;575;266;
19877;Nagypall;713;338;
19886;Vachartyan;1211;1779;
19895;Hernyek;1031;68;
19901;Csanyoszro;2856;597;
19910;Kiskassa;1333;219;
19929;Bokahaza;670;251;
19938;Pusztahencse;3171;931;
19947;Szalkszentmarton;8208;2778;
19956;Biharkeresztes;4926;4050;
19965;Matraballa;2636;756;
19974;Fabiansebestyen;7173;1913;
19983;Soltvadkert;10886;7259;
19992;Kemecse;3894;4777;
20002;Csakvar;11876;5339;
20011;Bagamer;4702;2498;
20039;Getye;666;86;
20048;Barna;1539;973;
20057;Somogyegres;1081;152;
20066;Nyarsapat;5403;1881;
20075;Matramindszent;1673;786;
20084;Kemenesszentmarton;429;195;
20093;Torokkoppany;2580;468;
20109;Koszegszerdahely;737;472;
20118;Erk;2168;914;
20127;Tata;7811;23441;
20136;Rabasebes;539;72;
20145;Csesztve;1625;327;
20154;Daka;2540;621;
20163;Naszaly;3022;2329;
20172;Tiszabezded;1864;1781;
20181;Tiszaroff;5249;1522;
20190;Lucfalva;1410;586;
20206;Seregelyes;7819;4245;
20215;Paradsasvar;1694;332;
20233;Jakfalva;906;460;
20242;Hered;1396;1808;
20251;Csehbanya;1283;305;
20260;Tivadar;480;179;
20279;Vemend;3181;1315;
20288;Egyed;1343;488;
20297;Kiskunfelegyhaza;25630;29306;
20303;Apagy;3199;2361;
20312;Kiskutas;469;172;
20321;Rinyaujnep;828;48;
20330;Somogygeszti;2171;387;
20349;Vashosszufalu;1392;342;
20358;Eloszallas;3998;2207;
20367;Pornoapati;1514;354;
20376;Almaskeresztur;1303;75;
20385;Merges;651;107;
20394;Vasasszonyfa;1065;364;
20400;Gyomore;2049;1246;
20419;Ujleta;3042;1119;
20428;Szeleveny;4539;1022;
20437;Magyarpolany;2697;1241;
20446;Tiszainoka;1792;378;
20455;Csanadapaca;5130;2366;
20464;Baranyahidveg;849;165;
20473;Kaposvar;11359;61441;
20482;Alsoberecki;686;713;
20491;Eger;9221;52898;
20507;Kurd;3119;1021;
20516;Sarazsadany;1531;227;
20525;Tass;7473;2702;
20534;Dunavarsany;2252;8341;
20543;Szalapa;452;183;
20552;Kiralyegyhaza;2289;874;
20561;Ujireg;1090;273;
20570;Tes;4903;777;
20589;Nagykapornak;2441;864;
20598;Nagycsepely;1980;359;
20604;Ikreny;1558;1876;
20613;Bucsuszentlaszlo;154;749;
20622;Rinyaujlak;2426;266;
20640;Cegledbercel;2815;4261;
20659;Marok;1593;400;
20668;Matyus;1103;308;
20677;Beregsurany;1601;961;
20686;Okorag;1185;154;
20695;Doborhegy;1175;112;
20701;Moragy;1761;709;
20710;Bedegker;2600;357;
20729;Balatonfenyves;5193;1754;
20738;Sajovamos;3122;2021;
20747;Feldebro;2652;920;
20756;Hidegkut;1358;429;
20765;Medgyesbodzas;3167;1010;
20774;Csobaj;1961;656;
20783;Simontornya;3383;3839;
20792;Und;679;319;
20817;Sarszentlorinc;4669;965;
20826;Zanka;1955;788;
20835;Orbanyosfa;567;97;
20844;Lacacseke;1625;285;
20853;Urkut;2013;1950;
20862;Sarok;462;120;
20871;Szin;1810;838;
20880;Hosszupereszteg;3700;629;
20899;Boda;1542;388;
20905;Mike;3241;571;
20914;Nagyer;1229;501;
20923;Kisigmand;1314;482;
20932;Szakonyfalu;1119;357;
20941;Kistolmacs;1220;166;
20950;Belsosard;979;96;
20969;Gibart;533;309;
20978;Teseny;1208;286;
20987;Tarkany;6494;1348;
20996;Kemenespalfa;1372;361;
21005;Tordas;1676;2138;
21014;Molnari;1286;686;
21023;Hegyszentmarton;1878;367;
21032;Alsozsolca;2602;5619;
21041;Karancslapujto;1935;2423;
21050;Pokaszepetk;1869;926;
21069;Dunaegyhaza;1012;1410;
21078;Dunaszeg;1726;2174;
21087;Vizsoly;1840;797;
21096;Pecsudvard;843;798;
21102;Nagyloc;3912;1496;
21111;Jaszladany;9273;5451;
21120;Szentkiraly;10189;1857;
21139;Borzonce;560;53;
21148;Apostag;3194;1995;
21157;Vezseny;2517;593;
21175;Balatonfured;4645;12800;
21184;Koppanyszanto;2255;272;
21193;Radostyan;810;552;
21209;Lokoshaza;5202;1663;
21218;Karcsa;4369;1795;
21227;Beszterec;1159;953;
21236;Homrogd;1343;860;
21245;Sukosd;9418;3434;
21254;Szentpeterfa;3124;1016;
21263;Babosdobrete;1252;475;
21272;Prugy;3139;2398;
21281;Somogyviszlo;1263;235;
21290;Laskod;1359;901;
21306;Sarvar;6465;15226;
21315;Csurgo;5942;4629;
21324;Balatonszentgyorgy;2368;1547;
21333;Istvandi;3030;517;
21342;Kajaszo;2398;1074;
21351;Szikszo;3623;5231;
21360;Udvari;1944;319;
21379;Kisbucsa;879;436;
21388;Puspokhatvan;2472;1400;
21397;Sumegcsehi;1743;593;
21403;Nagypirit;1017;232;
21412;Ulles;4993;2954;
21421;Szomor;1319;1059;
21430;Veszpremfajsz;1174;255;
21449;Nagyberki;2174;1441;
21458;Szada;1672;5650;
21467;Toalmas;3940;3445;
21476;Felsorajk;2054;723;
21485;Nagydobos;2693;2294;
21494;Tiszasas;2879;1015;
21500;Kalocfa;1021;148;
21519;Pecsbagota;607;106;
21528;Harkany;2569;4632;
21537;Uraiujfalu;1908;844;
21546;Mucsony;1755;2888;
21555;Mindszent;5935;6401;
21564;Girincs;1120;866;
21573;Retkozberencs;1580;1109;
21582;Ersekvadkert;5537;3476;
21591;Csebeny;376;87;
21607;Papasalamon;1396;344;
21616;Kislippo;837;284;
21625;Zomba;5730;1926;
21634;Szirak;1909;1187;
21643;Zsedeny;643;216;
21652;Nagybajom;10806;3374;
21661;Zabar;1817;422;
21670;Sajokapolna;1051;373;
21689;Nagyivan;4316;1135;
21698;Dravasztara;1818;389;
21704;Old;1407;331;
21713;Sulysap;4719;8641;
21722;Zagyvaszanto;952;1907;
21731;Kety;1651;710;
21740;Tarcal;5372;2808;
21759;Nemesszalok;2056;834;
21768;Megyaszo;5342;2614;
21777;Vanyola;1951;520;
21786;Pazmand;2714;2210;
21795;Erdotarcsa;1507;460;
21801;Ravazd;2855;1215;
21810;Varbo;2588;1050;
21829;Hernadkercs;741;294;
21838;Hegyhatszentmarton;1274;59;
21847;Peteri;1189;2387;
21856;Somogyvamos;2502;713;
21865;Darnozseli;1961;1587;
21874;Piliscsev;2491;2399;
21883;Szeghalom;21713;8566;
21892;Bogadmindszent;1158;414;
21908;Csokako;1092;1447;
21917;Dor;1101;744;
21926;Kapolnasnyek;4150;3822;
21935;Cserhathalap;1047;342;
21944;Akaszto;6488;3221;
21953;Banreve;662;1220;
21962;Lesenceistvand;1738;951;
21971;Tapszentmiklos;2075;938;
21980;Mihalyi;1628;1031;
21999;Izsak;11376;5515;
22008;Tortel;8416;4243;
22017;Szamosbecs;671;373;
22026;Fono;1061;248;
22035;Zsambok;2335;2411;
22044;Olmod;366;116;
22053;Szabolcsbaka;1984;1094;
22062;Bakonypeterd;1002;267;
22071;Veleny;709;100;
22080;Kerkakutas;2007;99;
22099;Bukkszentmarton;826;249;
22105;Jaszarokszallas;7717;7691;
22114;Szigetujfalu;1083;2004;
22123;Fulokercs;1860;392;
22132;Dombiratos;1830;500;
22141;Mikekaracsonyfa;850;304;
22150;Fulop;5595;1739;
22169;Szentistvan;5107;2350;
22178;Nagykutas;845;415;
22187;Hejce;952;184;
22196;Poroszlo;10904;2813;
22202;Jaszapati;7816;8299;
22211;Szoke;648;125;
22220;Marcalto;2209;727;
22239;Botpalad;1650;862;
22248;Pand;2221;1905;
22257;Szalanta;1708;1149;
22266;Pocsa;805;149;
22275;Bakoca;1065;266;
22284;Ofeherto;4317;2509;
22293;Csanytelek;3471;2413;
22309;Hatvan;6631;20228;
22318;Nyoger;1073;345;
22327;Badacsonytomaj;3271;2067;
22336;Komlodtotfalu;697;102;
22345;Kemence;4275;922;
22354;Boconad;2956;1257;
22372;Nagyigmand;5135;2834;
22381;Bakonyszombathely;3652;1364;
22390;Csonge;2527;377;
22406;Hajdunanas;25964;16644;
22415;Fenyeslitke;2515;2357;
22424;Tormas;2470;250;
22433;Kocsola;3334;1236;
22442;Edve;505;84;
22451;Pecsely;2001;538;
22460;Kisfuzes;481;110;
22479;Sajolaszlofalva;662;428;
22488;Verseg;2957;1283;
22497;Ormandlak;575;98;
22503;Erdohorvati;5011;597;
22512;Monoszlo;746;92;
22521;Balajt;903;495;
22530;Kerekegyhaza;8128;6563;
22549;Alsoszolnok;1002;337;
22558;Onga;3149;4787;
22567;Kunhegyes;14893;7383;
22576;Csonkamindszent;553;142;
22585;Vasad;3341;1945;
22594;Cserhatsurany;1880;779;
22600;Magyarszek;1386;952;
22619;Szomod;2839;2121;
22628;Onod;1774;2283;
22637;Mariahalom;1085;573;
22646;Felgyo;7673;1161;
22655;Erdokurt;2172;494;
22664;Gyongyosmellek;1002;276;
22673;Bonnya;1462;217;
22682;Letkes;2455;1111;
22691;Veszpremvarsany;2118;1049;
22707;Fonyed;573;65;
22716;Kemestarodfa;635;204;
22725;Alsoujlak;2102;577;
22734;Dravapalkonya;1013;256;
22743;Nagycserkesz;4147;1651;
22752;Kaszaper;3357;1772;
22761;Szekszard;9628;31795;
22770;Tiszabura;4520;2934;
22789;Tiszaszentimre;6561;1954;
22798;Jaszkiser;13011;5092;
22804;Csomor;2270;9779;
22813;Bakonyszentkiraly;2790;829;
22822;Balatonszemes;3602;1679;
22831;Petohaza;264;1065;
22840;Kisgyor;7113;1605;
22859;Janoshida;3479;2401;
22868;Kisbudmer;572;101;
22877;Bode;917;257;
22886;Kisbajcs;874;914;
22901;Beb;704;258;
22910;Dag;1189;909;
22929;Jaszago;3693;678;
22938;Cibakhaza;3821;3787;
22947;Zalaszabar;1695;494;
22956;Korlat;791;282;
22965;Kacorlak;760;193;
22974;Lippo;1453;464;
22983;Sotony;1493;636;
22992;Eperjes;7389;486;
23001;Kisszolos;649;134;
23010;Ukk;1387;320;
23029;Rudabanya;1646;2309;
23038;Nyaregyhaza;3201;3754;
23047;Szecsenke;978;194;
23056;Nyarlorinc;6636;2359;
23065;Oroshaza;20222;27236;
23074;Horvathertelend;536;39;
23083;Pusztavacs;7907;1333;
23092;Siojut;1073;613;
23108;Pankasz;927;451;
23117;Polgar;9744;8044;
23126;Szentgyorgyvar;1165;286;
23135;Jasztelek;4115;1564;
23144;Becsehely;3607;1956;
23153;Bakonykuti;1245;168;
23162;Bukkosd;3015;1041;
23171;Kunmadaras;15355;5180;
23180;Nagyesztergar;1829;1098;
23199;Alsonemedi;4907;5336;
23205;Siklosbodony;433;150;
23214;Teglas;3833;6235;
23223;Alsoregmec;1540;188;
23241;Adacs;3794;2603;
23250;Fabianhaza;2735;1721;
23269;Nyirmeggyes;2879;2629;
23278;Budaors;2359;28899;
23287;Felsoszolnok;2356;565;
23296;Kapospula;1980;858;
23302;Gyenesdias;1850;3641;
23311;Pusztaszemes;1039;346;
23320;Nemescso;738;275;
23339;Jaszfenyszaru;7616;6168;
23348;Tarnamera;2826;1613;
23357;Madaras;4931;2598;
23375;Hidegseg;1682;449;
23384;Almashaza;498;75;
23393;Ujiraz;1547;472;
23409;Nagytarcsa;1214;5044;
23418;Sima;488;30;
23427;Hantos;3696;962;
23436;Csatar;779;547;
23445;Zarank;1453;460;
23454;Kovagoors;2209;681;
23463;Budakalasz;1517;11160;
23472;Somberek;3142;1300;
23481;Pasztori;852;385;
23490;Many;4472;2432;
23506;Pisko;1155;233;
23515;Porva;2813;453;
23524;Tiszalok;5873;5228;
23533;Felsovadasz;1864;523;
23542;Magyarlukafa;1297;68;
23551;Nagyacsad;1396;622;
23560;Mezolak;2158;987;
23579;Jaszfelsoszentgyorgy;3928;1857;
23588;Nagyveleg;1317;668;
23597;Zalaszegvar;684;131;
23603;Ercsi;6531;8065;
23612;Komoro;1637;614;
23630;Mernye;2593;1214;
23649;God;2444;19871;
23658;Herend;1956;3349;
23676;Balastya;11000;3337;
23685;Patyod;910;633;
23694;Sarbogard;18933;11821;
23700;Kiscsosz;904;83;
23719;Gelej;3212;591;
23728;Kotaj;2593;4491;
23737;Bodroghalom;2686;1331;
23746;Bakonybel;2436;1203;
23755;Semjen;784;497;
23764;Pale;215;91;
23773;Pereszteg;2251;1460;
23782;Sajopuspoki;945;450;
23791;Kalazno;1835;125;
23807;Somogyapati;1070;469;
23816;Csempeszkopacs;540;318;
23825;Retsag;1981;2702;
23834;Zalahashagy;1213;356;
23843;Gyoro;1164;379;
23852;Aszar;1868;1694;
23861;Ratot;727;225;
23870;Szarvas;16157;15606;
23889;Sonkad;1981;790;
23898;Rezi;2977;1242;
23904;Gyugy;1531;300;
23913;Obudavar;323;41;
23922;Bakonyszentivan;914;217;
23931;Mehkerek;2585;1945;
23940;Sarretudvari;5442;2780;
23959;Mohacs;11223;17089;
23968;Teleki;805;226;
23977;Buttos;1818;151;
23986;Nagyoroszi;4003;2073;
23995;Kompolt;2273;1858;
24004;Nyirad;6136;1809;
24013;Diosd;575;10776;
24022;Bator;2732;342;
24031;Dombegyhaz;5794;1954;
24040;Monostorapati;2559;1088;
24059;Nemeskolta;734;342;
24068;Osi;3586;1959;
24077;Deszk;5205;3668;
24086;Jaszivany;3951;383;
24095;Csengersima;2380;794;
24101;Dunaszentmiklos;776;445;
24110;Zselickislak;1039;410;
24129;Bakonytamasi;2049;562;
24138;Rigyac;1536;394;
24147;Verpelet;5318;3750;
24156;Negyes;1733;247;
24165;Hernadkak;1090;1581;
24174;Tereske;1703;678;
24183;Gencsapati;2239;2668;
24192;Facankert;1070;620;
24208;Sobor;1671;272;
24217;Mikepercs;3693;4739;
24226;Kovacshida;809;256;
24235;Erdotelek;4490;3221;
24244;Bakonybank;1506;392;
24253;Mikohaza;1691;507;
24262;Egeraracsa;703;289;
24271;Pakod;1255;830;
24280;Zalaber;1278;693;
24305;Pannonhalma;2957;4064;
24314;Csokoly;2984;1008;
24323;Felsopeteny;1450;583;
24332;Matraszele;1697;915;
24341;Bank;990;691;
24350;Ujszalonta;2083;99;
24369;Felsoors;1723;1758;
24378;Bar;900;539;
24387;Kisbajom;1367;383;
24396;Kiskunmajsa;22227;10843;
24402;Vekeny;936;131;
24411;Lengyel;2003;473;
24420;Pere;953;321;
24439;Doroghaza;1768;1060;
24448;Tiszacsecse;480;223;
24457;Balvanyos;2369;544;
24466;Mikebuda;4217;695;
24475;Timar;2182;1245;
24484;Kemenessomjen;1605;562;
24493;Kisbarapati;2871;360;
24509;Nemesbod;914;613;
24518;Ecser;1310;3960;
24527;Tok;2473;1326;
24536;Orci;997;561;
24545;Tiszaalpar;9113;4938;
24554;Abasar;2082;2613;
24563;Tamasi;11195;7906;
24572;Samsonhaza;1271;230;
24581;Rohod;1956;1215;
24590;Zajk;1239;218;
24606;Szuhogy;1700;1076;
24615;Tapsony;3161;637;
24624;Lovaszheteny;895;301;
24633;Koronco;2690;2221;
24642;Csesznek;2421;527;
24651;Vinar;460;223;
24660;Potrete;1412;239;
24679;Kospallag;1277;733;
24703;Tekenye;696;408;
24712;Szilvas;604;131;
24721;Rabapordany;2190;995;
24730;Panyok;846;58;
24749;Baranyajeno;1555;416;
24758;Egerszalok;2311;2050;
24767;Ugod;6279;1340;
24776;Padar;1069;104;
24785;Nagykallo;6852;9176;
24794;Kardos;4279;562;
24800;Sopte;1398;707;
24819;Devavanya;21655;7363;
24828;Biharnagybajom;6135;2647;
24837;Nagytilaj;1566;120;
24846;Heresznye;990;223;
24855;Romonya;707;521;
24864;Batyk;808;357;
24873;Homokkomarom;1670;187;
24882;Hernadpetri;1708;218;
24891;Szigliget;3426;792;
24907;Balatonszarszo;3013;1997;
24916;Szob;1797;2557;
24925;Bisse;1380;198;
24934;Vac;6160;32828;
24943;Nagykokenyes;1728;576;
24952;Vasarosbec;2401;174;
24970;Hernadszurdok;448;159;
24989;Decs;9467;3728;
24998;Tazlar;7338;1767;
25007;Sarand;2268;2203;
25016;Velence;3337;6441;
25025;Liszo;2591;350;
25034;Zsambek;3366;5585;
25043;Somogybukkosd;1180;60;
25052;Orosztony;1845;382;
25061;Szabadszallas;16462;6083;
25070;Somogyhatvan;1352;348;
25089;Mezoszemere;2148;976;
25098;Benye;1652;1258;
25104;Hangony;3914;1540;
25113;Totszerdahely;1229;1023;
25122;Zalata;2183;218;
25131;Esztergom;10011;28144;
25140;Sarosd;4812;3256;
25159;Banhorvati;2848;1317;
25168;Sarkadkeresztur;3530;1446;
25177;Magyarboly;1722;881;
25186;Jaszjakohalma;4504;2784;
25195;Bogacs;2469;1890;
25201;Nagytevel;1441;512;
25210;Murakeresztur;1171;1574;
25229;Bakonysarkany;1412;982;
25238;Filkehaza;441;95;
25247;Kobleny;804;191;
25256;Bihardancshaza;831;175;
25265;Alattyan;3429;1959;
25274;Tolna;7107;11053;
25283;Alsoszentivan;3965;613;
25292;Regenye;615;145;
25308;Balatonakali;3620;664;
25326;Erdobenye;4580;1000;
25335;Rabapatona;3974;2638;
25344;Sarkeresztur;4675;2464;
25353;Kemendollar;1607;492;
25362;Dunabogdany;2550;3134;
25371;Magyaregres;1440;562;
25380;Selyeb;1664;450;
25399;Igrici;1947;1131;
25414;Nemetfalu;867;185;
25423;Magyarszombatfa;1594;262;
25432;Tabdi;2139;1011;
25441;Benk;850;445;
25450;Osku;4830;2113;
25469;Esztar;3171;1287;
25478;Oltarc;2953;230;
25487;Leanyvar;726;1806;
25496;Endrefalva;1323;1157;
25502;Csardaszallas;5416;360;
25511;Nemeskisfalud;282;173;
25520;Nagyszakacsi;2137;444;
25539;Gyore;1132;657;
25548;Karancsbereny;2314;786;
25566;Harskut;3446;675;
25575;Cserepvaralja;1462;348;
25584;Gyor;17462;132038;
25593;Sumeg;6413;6024;
25609;Nemessandorhaza;1115;299;
25618;Mera;1512;1635;
25627;Gyal;2493;23893;
25636;Ibrany;6043;6608;
25645;Sioagard;2440;1172;
25654;Kerta;1546;543;
25663;Galgaguta;1589;586;
25672;Hidvegardo;1699;532;
25681;Cserenfa;1775;204;
25690;Domahaza;2882;747;
25706;Szentbalazs;1214;303;
25715;Moha;988;592;
25724;Sopronkovesd;2681;1303;
25733;Martely;3645;1307;
25742;Kany;921;32;
25751;Pakozd;4330;3214;
25760;Meggyeskovacsi;2464;707;
25779;Somloszolos;1946;662;
25788;Salgotarjan;9797;33579;
25797;Vitnyed;3225;1420;
25803;Hegymagas;789;246;
25812;Ag;1203;178;
25821;Erdosmarok;814;85;
25830;Hajmas;1111;227;
25849;Rigacs;617;187;
25858;Koveskal;1449;321;
25867;Kaposhomok;1148;450;
25876;Told;1491;291;
25885;Dobri;789;137;
25894;Monostorpalyi;4444;2107;
25900;Tomorkeny;5391;1660;
25919;Kisujszallas;20527;10750;
25928;Nyirkercs;1428;811;
25937;Balotaszallas;10494;1489;
25946;Egyhazasradoc;2479;1260;
25955;Nagybaracska;3795;2245;
25964;Konyar;4170;2144;
25973;Nyircsaszari;1324;1124;
25982;Vassurany;1009;797;
25991;Bakonynana;1493;1033;
26000;Velem;861;381;
26019;Egerbocs;1595;529;
26028;Nagybanhegyes;4224;1162;
26037;Kekkut;368;53;
26046;Koszegpaty;1225;190;
26055;Hogyesz;3715;2761;
26064;Csipkerek;1313;317;
26073;Rabapaty;2141;1626;
26082;Cserdi;646;368;
26091;Lonya;3548;1118;
26107;Csegold;1935;652;
26116;Sap;1922;843;
26125;Aparhant;1797;971;
26134;Nagyvenyim;4368;4120;
26143;Nagysimonyi;1567;969;
26152;Gerce;1830;1199;
26161;Szijartohaza;378;25;
26170;Hajdubagos;3744;1964;
26189;Bekessamson;7121;2289;
26198;Arka;949;61;
26204;Varkeszo;641;150;
26213;Szigetmonostor;2351;2577;
26222;Gadany;1970;335;
26231;Ladbesenyo;1040;285;
26240;Nemesladony;567;126;
26259;Szigetbecse;1712;1287;
26268;Valkonya;755;54;
26277;Boszenfa;4295;500;
26286;Mezohek;8982;334;
26295;Kisbarkany;803;125;
26301;Inke;5176;1151;
26310;Rem;3993;1202;
26329;Nyugotszenterzsebet;923;239;
26338;Abaujszolnok;867;176;
26347;Ebergoc;502;175;
26356;Berzek;1059;1108;
26365;Nyirmihalydi;2549;2226;
26374;Magyargencs;3801;456;
26383;Gater;3089;880;
26392;Pamuk;1196;250;
26408;Komlo;4655;22635;
26417;Bakonyszucs;3521;278;
26426;Vep;3289;3293;
26435;Nyiri;1647;336;
26444;Magloca;577;108;
26453;Kadarkut;3974;2384;
26462;Balatonmagyarod;3153;383;
26471;Csatalja;3905;1399;
26480;Barabas;3818;1061;
26499;Zirc;3740;6831;
26505;Nagykinizs;658;306;
26514;Olaszfalu;4280;1053;
26523;Norap;758;199;
26532;Bohonye;6417;2174;
26541;Kup;2478;425;
26550;Omboly;3036;420;
26569;Somlovasarhely;2321;1061;
26578;Szigetvar;3952;10421;
26587;Rajka;5260;3024;
26596;Kercaszomor;1287;170;
26602;Korom;834;1352;
26611;Ujfeherto;14088;12292;
26620;Katafa;481;325;
26639;Pusztaszentlaszlo;1034;528;
26648;Vaszar;3369;1447;
26657;Jardanhaza;1124;1765;
26666;Kiszombor;6581;3672;
26675;Lengyeltoti;3957;2812;
26684;Kecskemet;32257;110687;
26693;Barand;4257;2484;
26709;Csorvas;9018;4652;
26718;Abaujker;1727;575;
26727;Graboc;1373;155;
26736;Rabagyarmat;1679;774;
26745;Parasznya;1676;1111;
26754;Rinyaszentkiraly;3056;384;
26763;Simasag;1013;526;
26772;Csanig;819;315;
26781;Varda;1036;417;
26790;Halaszi;3645;3290;
26806;Ronok;1722;379;
26815;Vecses;3617;21161;
26824;Alap;4829;1833;
26833;Iliny;646;139;
26842;Zselickisfalud;2608;229;
26851;Csengerujfalu;2561;1051;
26860;Gyarmat;2245;1301;
26879;Nagyfuged;2751;1682;
26888;Kazsok;1071;322;
26897;Karancssag;2139;1247;
26903;Sarisap;1422;2668;
26921;Asvanyraro;3911;2023;
26930;Mocsa;6718;2062;
26949;Sajokeresztur;1640;1410;
26958;Balkany;9000;6151;
26967;Magyargec;1235;832;
26976;Nagyhodos;766;125;
26985;Csovar;1717;595;
26994;Totszentgyorgy;750;126;
27012;Varaszo;2705;434;
27021;Kisharsany;1293;456;
27030;Gyanogeregye;707;140;
27049;Becskehaza;500;41;
27058;Bekas;652;187;
27067;Magyarsarlos;803;234;
27076;Nagysap;2478;1424;
27085;Cakohaza;288;51;
27094;Celldomolk;5239;10555;
27100;Vasmegyer;2273;1677;
27119;Nemesborzova;220;117;
27128;Galgamacsa;4331;1801;
27137;Mencshely;1261;238;
27146;Komoro;1169;1263;
27155;Nagyhalasz;4430;5509;
27164;Nagypeterd;1163;660;
27173;Sajolad;1268;2739;
27182;Nagykonyi;4788;1042;
27191;Novajidrany;1431;1338;
27207;Zalagyomoro;1111;423;
27216;Ostoros;2351;2629;
27225;Kalmanhaza;3725;1755;
27234;Bacsborsod;7752;1073;
27243;Kisbagyon;1024;411;
27252;Tiszanagyfalu;2705;1765;
27261;Tisztaberek;1823;718;
27270;Csomend;866;289;
27289;Magyarnadalja;385;221;
27298;Apatvarasd;814;112;
27304;Potyond;284;96;
27313;Torokszentmiklos;18516;19827;
27322;Vamosatya;2430;590;
27331;Sajoecseg;794;1032;
27340;Nogradszakal;1872;661;
27359;Mecser;2109;638;
27368;Segesd;7309;2343;
27377;Balatonbereny;2609;1049;
27386;Tatarszentgyorgy;5506;1787;
27395;Malyi;1128;3946;
27401;Egyhazaskozar;2431;717;
27410;Putnok;3472;6478;
27429;Bodvalenke;663;241;
27438;Ormenykut;5456;320;
27447;Barlahida;610;106;
27456;Szendrolad;1770;2149;
27465;Pusztaederics;955;165;
27474;Sarospatak;13909;11599;
27483;Lendvadedes;402;27;
27492;Csode;1061;77;
27508;Szagy;940;108;
27517;Besenyotelek;4910;2541;
27526;Mihald;2164;684;
27535;Somogysimonyi;1582;74;
27544;Tiszaszentmarton;1446;1078;
27553;Poganyszentpeter;1315;475;
27562;Zalaszombatfa;589;47;
27571;Kelebia;6670;2415;
27580;Nemti;1106;738;
27599;Nadap;693;672;
27605;Nagytalya;1319;888;
27614;Zimany;1297;541;
27623;Ujlorincfalva;4808;172;
27632;Uny;1158;654;
27641;Almosd;3413;1657;
27650;Rozsaszentmarton;1631;1960;
27669;Dubicsany;1300;207;
27678;Magyaralmas;2242;1557;
27687;Kosd;3409;2374;
27696;Maklar;2801;2383;
27702;Tekes;1256;218;
27711;Izmeny;1373;437;
27720;Salomvar;1611;599;
27739;Dunakiliti;3363;1898;
27748;Pap;1715;1766;
27757;Sajovelezd;2302;728;
27766;Kisszekely;2830;257;
27775;Ohid;1248;547;
27784;Iharosbereny;4966;1206;
27793;Szergeny;1561;238;
27809;Matetelke;2793;473;
27818;Homokbodoge;1615;633;
27827;Kava;1131;684;
27836;Tornaszentandras;1565;148;
27845;Homokmegy;7032;1246;
27854;Szolnok;18724;71285;
27863;Majs;3206;873;
27872;Abony;12797;14277;
27881;Hassagy;800;256;
27890;Bukkaranyos;2620;1482;
27906;Magyarbanhegyes;3656;2149;
27915;Mohora;1595;973;
27924;Opalyi;2672;3084;
27933;Himeshaza;1754;1017;
27942;Halmaj;1259;1789;
27951;Tilaj;816;177;
27960;Sorkikapolna;886;198;
27979;Nagyalasony;1401;420;
27988;Nagyszekeres;1051;488;
27997;Szemenye;1180;351;
28006;Ocsod;10366;3064;
28015;Iszkaz;1574;328;
28024;Villany;2202;2282;
28033;Nekezseny;1410;659;
28051;Tolcsva;1648;1715;
28060;Nyirtass;3795;1942;
28079;Kerecsend;2458;2297;
28088;Gyongyostarjan;4639;2312;
28097;Ipolydamasd;1158;357;
28103;Nadudvar;22591;8472;
28112;Ocs;1370;173;
28121;Dravacsepely;660;189;
28130;Kunszentmiklos;17211;8191;
28149;Mosonszolnok;4392;1735;
28158;Kisszallas;9205;2382;
28167;Lovaszi;967;1188;
28185;Perbal;2565;2056;
28194;Szuha;1756;501;
28200;Ligetfalva;473;47;
28219;Litka;666;28;
28228;Turkeve;23652;8230;
28237;Dabrony;1700;363;
28246;Beregdaroc;2382;971;
28255;Mogyorosbanya;732;830;
28264;Gadacs;386;94;
28273;Endroc;1133;351;
28282;Nagyvisnyo;4302;859;
28291;Labod;6651;1788;
28307;Gagybator;1877;204;
28316;Babonymegyer;2193;764;
28325;Hotto;670;336;
28334;Kapuvar;9605;10234;
28343;Vaskut;7149;3266;
28352;Tiszaujvaros;4604;15156;
28361;Potony;1590;205;
28370;Apacatorna;729;137;
28389;Kazar;3039;1732;
28398;Tiszaluc;4488;4780;
28404;Gyongyfa;878;128;
28413;Visegrad;3327;1879;
28422;Nemesvita;925;295;
28431;Kek;2198;1903;
28440;Nyirgelse;2762;1073;
28459;Csernely;2062;689;
28468;Nagypali;633;514;
28477;Kisleta;2200;1807;
28486;Tompa;8157;4286;
28495;Zalaboldogfa;1147;312;
28501;Balatonszolos;1281;648;
28510;Porrogszentpal;354;80;
28529;Varga;836;75;
28538;Vajszlo;1771;1709;
28547;Kovacsvagas;2108;627;
28556;Erdokovesd;1718;660;
28565;Sarkad;12557;9540;
28574;Szabas;1811;578;
28583;Ata;809;159;
28592;Pusztaszer;4893;1384;
28608;Dravaszabolcs;1122;697;
28617;Dravacsehi;740;164;
28626;Repceszentgyorgy;575;118;
28635;Teresztenye;869;31;
28644;Uri;2219;2591;
28653;Szentmartonkata;5218;4809;
28662;Belecska;1441;353;
28671;Gyepukajan;911;320;
28699;Tiszaigar;3404;789;
28705;Szabadbattyan;3366;4599;
28714;Andocs;4327;1002;
28723;Somogysard;3636;1186;
28732;Gagyapati;323;22;
28741;Sellye;2518;2448;
28750;Zsarolyan;639;384;
28769;Bagyogszovat;2406;1323;
28778;Dioskal;1963;436;
28787;Taktakenez;1974;1203;
28796;Egervolgy;886;338;
28802;Nyirbogdany;3503;2753;
28811;Kaposgyarmat;1107;85;
28820;Szeremle;3406;1321;
28839;Alsoszuha;2242;406;
28848;Patka;4038;1750;
28857;Kutas;3655;1410;
28866;Szodliget;731;4572;
28875;Kishuta;518;268;
28884;Rimoc;2925;1721;
28893;Gesztered;3352;1666;
28909;Bataapati;2044;377;
28918;Egerag;1301;892;
28927;Nagytotfalu;1117;325;
28936;Bakonygyirot;685;146;
28945;Gyorocske;211;161;
28954;Szigetszentmiklos;4565;39310;
28963;Somogyjad;2506;1519;
28972;Pusztamiske;1782;391;
28981;Ura;3234;602;
28990;Kislang;5306;2474;
29009;Nyarad;1979;863;
29018;Pusztaszabolcs;5167;5845;
29027;Kunfeherto;7837;2083;
29036;Mezoszilas;6497;2008;
29045;Matraszentimre;2129;416;
29054;Tornyosnemeti;1406;474;
29063;Nagybereny;2314;1261;
29072;Kisberzseny;529;90;
29081;Locs;513;119;
29090;Sopronhorpacs;2069;847;
29106;Baks;6192;1976;
29115;Solt;13267;6102;
29124;Varong;663;129;
29133;Tiszacsermely;2028;499;
29142;Somogyharsagy;3097;380;
29151;Vagashuta;205;83;
29160;Paka;2318;1098;
29179;Nagytoke;5468;355;
29188;Nagybarca;1439;962;
29197;Peterhida;1162;156;
29203;Boba;1095;783;
29212;Baj;2112;2831;
29221;Janossomorja;14894;6283;
29230;Dalmand;4877;1180;
29249;Kesznyeten;3641;1737;
29267;Tac;4569;1723;
29276;Novaj;1852;1287;
29294;Marcalgergelyi;776;320;
29300;Kispalad;1674;975;
29319;Ipolyvece;1383;778;
29328;Nemesker;642;202;
29337;Madocsa;4333;1863;
29346;Tiszajeno;2819;1522;
29355;Bajot;1644;1667;
29364;Csomoder;779;624;
29373;Vasszecseny;1795;1274;
29382;Ormenyes;3413;972;
29391;Hencida;3479;1100;
29407;Agyagosszergeny;1989;945;
29416;Csaroda;2468;604;
29425;Notincs;2047;1120;
29434;Tapolca;6346;14988;
29443;Gulacs;2335;1016;
29452;Halasto;565;65;
29461;Balatonfokajar;2192;1336;
29470;Dobronte;1079;243;
29489;Kerkabarabas;1029;263;
29498;Varsany;2558;1535;
29504;Iklanbereny;296;44;
29513;Bakonyjako;4718;686;
29522;Molvany;1376;175;
29531;Veszto;12570;6488;
29540;Mozsgo;2176;981;
29559;Panyola;1222;566;
29568;Telekes;1081;503;
29577;Kesztolc;2200;2542;
29595;Almaskamaras;1471;776;
29601;Pilisborosjeno;927;3788;
29610;Biharugra;5284;879;
29629;Vertestolna;1695;519;
29638;Epol;1252;622;
29647;Domsod;7242;5764;
29656;Pat;833;190;
29665;Alsonana;1314;667;
29674;Beret;677;292;
29683;Zalatarnok;2595;615;
29692;Sorokpolany;1329;803;
29708;Felsogagy;1447;202;
29717;Rakaca;1900;819;
29726;Tiszafured;16219;10631;
29735;Gyomro;2651;18977;
29753;Magyaregregy;2681;709;
29762;Pettend;598;134;
29771;Gosfa;1045;300;
29780;Vizvar;3224;504;
29799;Mehtelek;862;698;
29805;Bezenye;3003;1256;
29814;Alsovadasz;2290;1454;
29823;Tokol;3849;10235;
29832;Nogradmarcal;1993;480;
29841;Felsomarac;1744;211;
29850;Kisoroszi;1094;974;
29869;Nagyrakos;1611;243;
29878;Torony;1283;1999;
29887;Bihartorda;2238;916;
29896;Porpac;620;130;
29902;Bakonysag;856;51;
29911;Takos;1082;335;
29920;Maraza;970;163;
29939;Felcsut;2202;1871;
29948;Ipacsfa;601;178;
29957;Kald;4244;1036;
29966;Homorud;4473;514;
29975;Anarcs;1706;1930;
29984;Magosliget;517;320;
29993;Zalaerdod;1769;218;
30003;Vajdacska;2277;1252;
30012;Rede;4588;1318;
30021;Sarrod;4006;1025;
30030;Dravaszerdahely;624;168;
30049;Besence;958;102;
30067;Szentpeterfolde;1199;113;
30076;Vatta;2334;913;
30085;Szamostatarfalva;450;306;
30094;Csikostottos;1770;785;
30100;Matraverebely;1840;1846;
30119;Berzence;5376;2483;
30128;Medgyesegyhaza;6429;3451;
30137;Hercegkut;781;637;
30146;Szenyer;2019;292;
30155;Bacsszolos;3883;346;
30164;Korosujfalu;2530;397;
30173;Kislod;3818;1110;
30182;Kolontar;2172;645;
30191;Cser;293;29;
30207;Borsodszentgyorgy;2152;1178;
30216;Hegyhatsal;458;151;
30225;Tardos;2332;1682;
30234;Mesterszallas;4292;624;
30243;Zamoly;4850;2205;
30252;Borzavar;1300;710;
30261;Dormand;2006;1026;
30270;Csecse;2173;882;
30289;Gyonk;3811;1853;
30298;Tiszatardos;893;218;
30304;Tiszagyenda;3693;943;
30313;Zalalovo;5264;2857;
30322;Mezokovacshaza;6259;5787;
30331;Vacegres;1367;877;
30340;Sajoszoged;1362;2292;
30359;Gyulaj;7082;939;
30368;Bagod;1637;1209;
30377;Tiszatarjan;4039;1391;
30386;Tiszakurt;2837;1386;
30395;Legend;1841;429;
30401;Lorinci;2353;5408;
30410;Bakonyoszlop;1420;433;
30429;Egyhazashollos;1904;521;
30438;Gorcsony;1852;1485;
30447;Tibolddaroc;3031;1288;
30456;Miskolc;23667;154521;
30465;Tihany;2733;1353;
30474;Babocsa;3099;1462;
30483;Forro;1903;2567;
30492;Mekenyes;1777;274;
30508;Karos;1532;470;
30517;Tornaszentjakab;2822;210;
30526;Alsoors;3334;1846;
30535;Doc;4943;652;
30544;Csabdi;1702;1267;
30553;Kornye;4536;4566;
30562;Medina;2224;777;
30571;Golle;4469;804;
30580;Somogyacsa;2446;136;
30599;Mikosszeplak;1866;292;
30605;Kaskantyu;5828;971;
30614;Csarnota;533;140;
30623;Tiszakecske;13327;12064;
30632;Miske;4227;1575;
30641;Csenger;3616;4874;
30650;Koszarhegy;590;1475;
30669;Borsodbota;813;832;
30678;Fenyofo;2965;104;
30696;Kartal;2913;5711;
30702;Vaskeresztes;912;339;
30711;Jaszalsoszentgyorgy;4767;3142;
30720;Taksony;2085;6269;
30739;Szerencs;3668;8581;
30748;Sitke;2720;741;
30757;Petrivente;765;320;
30766;Oroszlany;7586;18402;
30775;Hosszuviz;710;41;
30784;Bodrogkeresztur;2988;1050;
30793;Salfold;518;64;
30809;Leanyfalu;1537;3810;
30827;Kisbereny;746;161;
30836;Hosszuheteny;4527;3383;
30845;Tiszagyulahaza;2078;670;
30854;Mezocsokonya;3078;1172;
30863;Raksi;1517;405;
30872;Megyehid;599;311;
30881;Repcelak;1382;2630;
30890;Felsoszenterzsebet;824;16;
30906;Gasztony;1427;411;
30915;Vanyarc;3222;1191;
30924;Csabrendek;4493;2988;
30933;Nagykanizsa;14840;46649;
30942;Gersekarat;1992;634;
30951;Hegyhatmaroc;759;129;
30960;Gyekenyes;3376;930;
30979;Levelek;2572;2922;
30988;Erd;6331;68211;
30997;Semjenhaza;470;571;
31006;Bozsva;1639;177;
31015;Szalaszend;1822;1008;
31024;Kistelek;6919;6990;
31033;Mezopeterd;1823;574;
31042;Tepe;2322;1050;
31051;Vamoscsalad;1178;296;
31060;Szava;1264;307;
31079;Ottomos;3091;658;
31088;Szekely;1608;1025;
31097;Hajdusamson;6947;13269;
31103;Balinka;1862;874;
31112;Poloskefo;1232;341;
31121;Santos;1138;498;
31130;Korosszakal;1502;780;
31149;Csonkahegyhat;828;315;
31158;Nyirbogat;5535;3025;
31167;Hollohaza;236;712;
31185;Kisvejke;1133;363;
31194;Lovo;1747;1422;
31200;Hernadnemeti;2876;3394;
31219;Somogyaszalo;2212;764;
31228;Vegegyhaza;2894;1278;
31237;Szatmarcseke;3629;1574;
31246;Visonta;2529;1165;
31255;Papateszer;3074;1143;
31264;Vertesszolos;1712;3195;
31273;Szamosujlak;527;316;
31282;Mikofalva;1441;673;
31291;Bocska;738;290;
31307;Adorjanhaza;1142;342;
31316;Gyorsag;820;1471;
31325;Szabadkigyos;4556;2426;
31334;Csabacsud;6685;1653;
31343;Mosdos;1695;901;
31352;Darany;2810;861;
31361;Koka;4436;4376;
31370;Pusztacsalad;2406;285;
31389;Lothard;1046;230;
31398;Tyukod;6218;1986;
31404;Kallosemjen;5452;3519;
31413;Keszeg;995;669;
31422;Bana;2511;1596;
31431;Husztot;675;57;
31440;Fertoszeplak;2178;1331;
31459;Tevel;2527;1305;
31468;Fulophaza;4706;820;
31477;Nyirjako;1034;896;
31486;Nagyrede;3434;3197;
31501;Dunafoldvar;11142;8443;
31510;Szegilong;694;219;
31529;Kerecseny;1283;213;
31538;Sarszentagota;4550;1290;
31556;Nemesmedves;474;27;
31565;Monosbel;1378;395;
31574;Kevermes;4334;1856;
31583;Szentgotthard;6773;8819;
31592;Redics;2533;850;
31608;Zemplenagard;2909;697;
31617;Zalamerenye;1399;156;
31626;Kunsziget;1787;1275;
31635;Ivan;5474;1235;
31644;Fiad;1491;97;
31653;Albertirsa;7300;12792;
31662;Mezotarkany;4061;1550;
31671;Felsotelekes;845;628;
31680;Ivanc;1714;678;
31699;Cseteny;1837;1842;
31705;Sandorfalva;5577;8010;
31714;Sosvertike;660;148;
31723;Felsokelecseny;799;319;
31732;Nagymaros;3437;4905;
31741;Pacsa;2271;1576;
31750;Milota;1539;954;
31769;Okoritofulpos;3342;1799;
31778;Olaszliszka;3949;1706;
31787;Gyorujfalu;737;2201;
31796;Tapioszecso;3838;6060;
31802;Sarkeresztes;2327;1492;
31811;Danszentmiklos;3800;2762;
31820;Uszka;735;557;
31839;Ujronafo;4863;873;
31848;Gara;5996;2265;
31857;Ramocsahaza;1812;1460;
31866;Tiszavarkony;3562;1514;
31875;Mesterhaza;419;147;
31884;Repashuta;1679;418;
31893;Kunszallas;2085;1667;
31909;Rasonysapberencs;912;515;
31918;Kunpeszer;7755;684;
31927;Beremend;4826;2306;
31936;Illocska;1510;241;
31945;Papa;9162;30492;
31954;Debrete;962;10;
31963;Tahitotfalu;3917;5795;
31972;Paszab;1296;1162;
31981;Marokfold;744;39;
31990;Sur;3735;1204;
32009;Szentdenes;1215;277;
32018;Iszkaszentgyorgy;2627;2089;
32027;Bugyi;11555;5180;
32036;Keled;872;106;
32045;Taplanszentkereszt;2008;2552;
32054;Zalaegerszeg;10246;57403;
32063;Kavas;664;237;
32072;Teklafalu;1676;246;
32081;Alsopahok;1802;1427;
32090;Kirald;788;741;
32106;Inarcs;2253;4606;
32115;Otvoskonyi;2771;917;
32124;Berbaltavar;2567;506;
32133;Sersekszolos;665;131;
32142;Vindornyafok;350;106;
32151;Bogad;784;1021;
32160;Sasd;1488;2935;
32179;Kal;3481;3399;
32188;Hegyfalu;1189;761;
32197;Ujudvar;1631;930;
32203;Fehervarcsurgo;2964;1956;
32212;Marko;3441;1504;
32221;Kulsosard;152;64;
32230;Kakucs;2180;3056;
32249;Arpas;1426;242;
32258;Szakacsi;863;190;
32267;Kiliman;572;219;
32276;Devecser;6411;4167;
32285;Csengele;6066;1865;
32294;Nyirabrany;5559;3697;
32300;Nogradkovesd;899;709;
32319;Cserhatszentivan;1066;95;
32328;Encsencs;3190;1863;
32337;Bate;1028;792;
32346;Almasfuzito;818;2145;
32355;Libickozma;2297;25;
32364;Nagylok;3244;1079;
32373;Diosviszlo;1581;662;
32382;Nyirmartonfalva;5748;1971;
32391;Dravaivanyi;1101;171;
32407;Magyarnandor;1867;1010;
32416;Tengod;3021;374;
32425;Peterd;1060;210;
32434;Kiskunhalas;22758;27017;
32452;Nyirkata;3863;1954;
32461;Szilvasszentmarton;708;209;
32470;Somogybabod;1058;420;
32489;Szegvar;8622;4182;
32498;Kondo;1963;592;
32504;Kunszentmarton;14365;7976;
32513;Pordefolde;1912;49;
32522;Zalaszentgrot;7465;6172;
32531;Serenyfalva;1964;968;
32540;Nemesnadudvar;5878;1723;
32559;Godollo;6193;32099;
32568;Ujszentmargita;9622;1368;
32577;Papos;1067;848;
32586;Verteskethely;1746;541;
32595;Denesfa;1754;316;
32601;Somogytur;3530;439;
32610;Fot;3740;20097;
32629;Ostffyasszonyfa;3431;756;
32638;Tornyiszentmiklos;1856;520;
32647;Kerkateskand;894;157;
32656;Mezoladany;1407;1044;
32665;Nemesnep;972;110;
32674;Rinyakovacsi;1109;170;
32683;Perecse;1254;29;
32692;Penyige;1890;709;
32708;Dobronhegy;215;139;
32717;Feketeerdo;674;580;
32726;Kisrecse;342;187;
32735;Attala;2064;744;
32744;Tesenfa;840;197;
32753;Deg;4689;2126;
32762;Felsonyarad;1167;935;
32771;Kocser;6728;1834;
32780;Simonfa;1100;344;
32799;Barcs;12290;10293;
32805;Nagykorpad;3342;530;
32814;Csogle;1691;562;
32823;Bugac;13111;2565;
32832;Meszlen;1202;196;
32841;Szentborbas;747;92;
32850;Varalja;2113;817;
32869;Kersemjen;708;267;
32878;Csot;2002;910;
32887;Bukkzserc;3725;918;
32896;Tar;2734;1792;
32902;Kehidakustany;1975;1194;
32911;Ber;2549;344;
32920;Nagykolked;978;156;
32939;Nagylozs;1924;1059;
32948;Nemesbuk;998;787;
32957;Elek;5491;4513;
32966;Tarnabod;1033;666;
32975;Korostetetlen;3265;820;
32984;Bucsu;1654;558;
32993;Kacs;1670;430;
33002;Bodolyaber;909;199;
33011;Szecsenyfelfalu;822;374;
33020;Forraskut;3667;2175;
33039;Zalameggyes;256;43;
33048;Encs;2580;6198;
33057;Zics;1501;302;
33066;Ibafa;2930;194;
33075;Tarhos;5745;766;
33084;Gordisa;1088;253;
33093;Alacska;856;702;
33109;Csatka;1777;208;
33118;Csomad;1238;1682;
33127;Berhida;4272;5613;
33136;Zalaszentgyorgy;983;384;
33145;Nyirpazony;1506;3494;
33154;Boly;2538;3824;
33163;Dad;2375;976;
33172;Szeleste;2075;673;
33181;Nagyrozvagy;2681;615;
33190;Doboz;5447;4006;
33206;Kisecset;862;159;
33215;Kisnyarad;903;151;
33224;Marokpapi;2118;590;
33233;Godre;3993;781;
33242;Holloko;518;347;
33251;Felpec;2247;906;
33260;Belapatfalva;3663;2931;
33279;Alsoszentmarton;1361;1207;
33288;Zalaszanto;3773;884;
33297;Hunya;3257;609;
33303;Bodvarako;922;84;
33312;Felsotold;1083;115;
33321;Soponya;4996;1721;
33330;Lanycsok;2540;2380;
33349;Mocseny;1215;358;
33358;Terem;4951;663;
33367;Szeged;28099;160766;
33376;Miklosi;1047;187;
33385;Acsalag;1042;474;
33394;Kapoly;2237;635;
33400;Kishartyan;895;508;
33419;Perkupa;1939;782;
33428;Egervar;1028;1009;
33437;Szerep;5604;1580;
33446;Bedo;1020;309;
33455;Gyomaendrod;30394;12784;
33482;Satorhely;1760;588;
33491;Szarliget;1456;2475;
33516;Szakszend;3593;1432;
33525;Matraterenye;2813;1776;
33534;Batonyterenye;7892;11616;
33543;Nagyszentjanos;3030;1793;
33552;Herceghalom;734;2762;
33561;Apaj;7104;1154;
33570;Porboly;1111;527;
33589;Ersekhalma;2756;550;
33598;Felsolajos;1141;885;
33604;Ujtelek;956;345;
33613;Szentegat;2778;353;
33622;Fulopjakab;2316;1128;
33631;Bugacpusztahaza;4300;250;
33640;Csem;628;384;
33659;Ujdombrad;1078;736;
33668;Lebeny;8139;3355;
33677;Mosonszentmiklos;3071;2457;
33686;Petofibanya;1111;2523;
33695;Kisfalud;1510;741;
33701;Rabacsecseny;1568;590;
33710;Rabaszentmihaly;1097;463;
33729;Veroce;2033;3963;
33738;Kismaros;1196;2367;
33747;Tiszavid;1075;559;
33756;Maza;1069;1138;
33765;Szaszvar;2117;2225;
33774;Gyure;1587;1291;
33783;Nagyvarsany;1255;1398;
33792;Lakhegy;860;446;
33808;Bodrogkisfalud;1467;880;
33817;Szegi;905;261;
33826;Neszmely;2772;1299;
33835;Dunaalmas;1483;1648;
33844;Balatonrendes;676;129;
33853;Balatonboglar;3204;5456;
33862;Balatonlelle;4323;5198;
33871;Egeralja;894;219;
33880;Patvarc;784;675;
33899;Nagydobsza;1323;601;
33905;Kisdobsza;995;241;
33914;Tarjanpuszta;844;396;
33923;Manfa;2770;687;
33932;Hobol;1827;923;
33941;Epleny;828;504;
33950;Bony;5042;2156;
33969;Retalap;1320;598;
33978;Csornyefold;2121;379;
33987;Muraszemenye;1615;535;
33996;Farad;2879;1912;
34005;Berekfurdo;1857;997;
34014;Folyas;5393;259;
34023;Tokodaltaro;527;2830;
34032;Szaporca;965;219;
34041;Palmajor;624;312;
34050;Hunyadfalva;535;170;
34069;Ormosbanya;754;1524;
34078;Csabaszabadi;3271;246;
34087;Tormasliget;753;290;
34096;Moricgat;3289;368;
34102;Bocskaikert;1089;3510;
34111;Csincse;1134;536;
34120;Rudolftelep;439;661;
34148;Pilisjaszfalu;697;1665;
34157;Kistarcsa;1102;13041;
34166;Kerepes;2408;10173;
34175;Csataszog;1121;306;
34184;Alsobogat;1201;215;
34193;Kaszo;2248;97;
34209;Kulcs;1673;3085;
34218;Uzsa;1150;309;
34227;Annavolgy;483;919;
34236;Szantod;791;602;
34245;Algyo;7577;5274;
34254;Petfurdo;1732;4556;
34263;Zichyujfalu;1082;906;
34272;Farkaslyuk;548;1757;
34281;Nagykeresztur;820;251;
34290;Berente;922;1159;
34306;Obarok;1926;799;
34315;Remeteszolos;289;952;
34324;Palosvorosmart;584;587;
34333;Csorog;505;2113;
34342;Daruszentmiklos;1912;1288;
34351;Karolyhaza;1125;583;
34360;Rakoczibanya;457;700;
34379;Kerekharaszt;1436;1053;
34388;Szorgalmatos;844;1023;
34397;Monorierdo;1507;4405;
34403;Zakanyfalu;709;517;
34412;Mosonudvar;157;419;
34421;Balatonakarattya;2139;862;
